,formula_unedited,formula,space group,target
47,0.9(0.6Li2S-0.4SiS2)- 0.1Li4SiO4,Li1.48S1.34Si0.5O0.4,,-3.3608520069109526
588,Li5.5Ba0.5La2.5Ta2O12,Li5.5Ba0.5La2.5Ta2O12,230.0,-4.869666231504994
786,0.7(Li2O) 0.3(P2O5),Li1.4P0.6O2.2,,-6.522878745280337
19,0.63(Li2S) 0.37(GeS2),Li1.26S1.37Ge0.37,,-3.8239087409443187
1016,0.1LiI-0.9(0.5Li2S-0.5SiS2),LiI0.1S1.45Si0.5,,-4.399027104313252
314,Li1.4Ti1.6Sc0.4(PO4)3,Li1.4Ti1.6Sc0.4P3O12,167.0,-3.701146923590293
847,Li2.8Zn0.6GeO4,Li2.8Zn0.6GeO4,,-6.896196279044043
767,Li10(Ge0.9Si0.1)P2S12,Li10Ge0.9Si0.1P2S12,,-2.0931264652779293
1116,0.3Li2S-0.45Li2O-0.25P2S5,Li1.5O0.45P0.5S1.55,,-4.230622673923862
74,LiBaP2O7,LiBaP2O7,15.0,-10.0
783,0.6(Li2O) 0.4(P2O5),Li1.2P0.8O2.6,,-7.522878745280337
1023,0.75Li6Si2S7-0.25Li6B4O9,Li6Si1.5S5.25BO2.25,,-3.8477116556169433
1311,Li0.3La0.57TiO3,Li0.3La0.57TiO3,,-2.958607314841775
238,Li3.3Sn0.3P0.7S4,Li3.3Sn0.3P0.7S4,137.0,-2.4377071355435254
1213,0.5LiI-0.5Al2O3,Li0.5I0.5AlO1.5,,-4.58838029403677
834,Li2OHBr0.99F0.01,Li2OHBr0.99F0.01,,-6.03810452633215
1000,0.95(0.63Li2-0.37SiS2)-0.05(0.63Li2O-0.37P2O5),Li1.26Si0.37S0.74O1.882P0.74,,-3.0599818449923366
107,Li6.6La3Zr1.6Ta0.4O12,Li6.6La3Zr1.6Ta0.4O12,230.0,-3.2301193614453427
985,0.75(0.3Li2O-0.7Li2S)-0.25P2S5,Li1.85O0.225S1.95P0.5,,-4.051098239029787
1326,Li1.1Sc0.1Ti1.9(PO4)3,Li1.1Sc0.1Ti1.9P3O12,,-4.756961951313706
1097,0.2Li2S-0.6Li2O-0.2P2S5,Li1.6O0.6P0.4S1.2,,-4.539102157243452
145,Li4SnS4,Li4SnS4,62.0,-4.154901959985743
546,La0.61Li0.15TiO3,La0.61Li0.15TiO3,221.0,-3.6861327796308467
471,Li6.3P0.7Si0.3S5Br,Li6.3P0.7Si0.3S5Br,216.0,-2.7825160557860937
624,Li6.6La3Zr1.8Mo0.2O12,Li6.6La3Zr1.8Mo0.2O12,230.0,-3.5072396109731625
400,Li1.05Fe0.05Ti0.95(PO4)3,Li1.05Fe0.05Ti0.95P3O12,167.0,-3.886056647693163
355,Li1.5La0.5Ti1.5(PO4)3,Li1.5La0.5Ti1.5P3O12,167.0,-3.55129368009492
81,Li3SbS4,Li3SbS4,31.0,-5.823908740944319
12,0.2(Li2S) 0.8(GeS2),Li0.4S1.8Ge0.8,,-6.958607314841775
1087,Li3.25Ge0.25P0.75S3.5Se0.5,Li3.25Ge0.25P0.75S3.5Se0.5,,-3.2984320149440727
1143,0.7Li2S-0.29P2S5-0.01Li3PO4,Li1.43O0.04P0.59S2.15,,-2.7375489102695707
1286,Li0.5La0.5Ti0.998Ge0.002O3,Li0.5La0.5Ti0.998Ge0.002O3,,-3.040005161671584
1337,14Li2O-9Al2O3-38TiO2-39P2O5,Al18Li28O312P78Ti38,,-2.886056647693163
773,Li10(Ge0.95Sn0.05)P2S12,Li10Ge0.95Sn0.05P2S12,,-2.1079053973095196
1,LiSn2(PO4)3,LiSn2P3O12,2.0,-8.6903698325741
671,Li6.5La3Hf1.5Ta0.5O12,Li6.5La3Hf1.5Ta0.5O12,230.0,-3.3979400086720375
234,Li3.45Si0.45P0.55S4,Li3.45Si0.45P0.55S4,137.0,-2.171984935776023
52,LiAlSi4O10,LiAlSi4O10,13.0,-9.995678626217357
707,Li6.835La3Zr2O12Al0.231,Li6.835La3Zr2O12Al0.231,230.0,-3.657577319177794
273,Li9.6Ba0.2GeP2S12,Li9.6Ba0.2GeP2S12,137.0,-3.2426039712069756
1211,0.7LiI-0.3Al2O3,Li0.7I0.7Al0.6O0.8999999999999999,,-4.684029654543083
578,LiCdCl4,LiCdCl4,227.0,-6.236572006437063
1341,Li6.6La2.5Y0.5Zr1.6Ta0.4O12,Li6.6La2.5Y0.5Zr1.6Ta0.4O12,,-3.6458915608525992
1118,0.4Li2S-0.35Li2O-0.25P2S5,Li1.5O0.35P0.5S1.65,,-4.61261017366127
121,Li7P3S11,Li7P3S11,2.0,-2.2287323252718587
967,0.2Li3N-0.8SiS2,Li0.6000000000000001N0.2Si0.8S1.6,,-5.835647144215563
89,La0.64Li0.08TiO3,La0.64Li0.08TiO3,47.0,-3.474955192963155
1129,0.15Li2S-0.55Li2O-0.3P2S5,Li1.4000000000000001O0.55P0.6S1.65,,-6.537602002101044
531,Li9NS3,Li9NS3,221.0,-6.080921907623926
506,Li6.1P0.9Sn0.1S5I,Li6.1P0.9Sn0.1S5I,216.0,-3.7931741239681505
890,0.24SiS2-0.36Li2S-0.4LiI,I0.4Li1.12S0.84Si0.24,,-2.744727494896694
106,Li6.6La3Zr1.6Sb0.4O12,Li6.6La3Zr1.6Sb0.4O12,230.0,-3.113509274827518
1096,0.15Li2S-0.65Li2O-0.2P2S5,Li1.6O0.65P0.4S1.15,,-4.634512015109101
23,0.95(0.6Li2S-0.4SiS2)-0.05Li3InO3,Li1.29S1.37Si0.4In0.05O0.15,,-3.506222725348348
1124,0.7Li2S-0.05Li2O-0.25P2S5,Li1.5O0.05P0.5S1.95,,-4.010550182333308
69,Li10.2Ge1.2P1.8S12,Li10.2Ge1.2P1.8S12,137.0,-1.8729435802119663
487,Li6P(S4Se)Br,Li6PS4SeBr,216.0,-2.4424927980943423
796,0.58Li2O-0.42P2O5,Li1.16O2.68P0.84,,-7.698970004336019
809,Li6.55La3Zr2Ga0.15O12,Li6.55La3Zr2Ga0.15O12,,-2.886056647693163
330,Li1.5Al0.5Ti1.5(PO4)3,Li1.5Al0.5Ti1.5P3O12,167.0,-3.6055483191737836
1170,0.9(0.33B2S3-0.67Li2S)-0.1LiI,B0.594S1.561Li1.44I0.1,,-3.317854923626168
121,Li4.6Si0.4Al0.6S4,Li4.6Si0.4Al0.6S4,62.0,-7.838631997765025
596,Li7.06La3Y0.06Zr1.94O12,Li7.06La3Y0.06Zr1.94O12,230.0,-3.0195421077239
179,LiZnPS4,LiZnPS4,82.0,-7.267606240177032
1231,0.7LiTi2(PO4)3-0.3Li3PO4,Li1.5999999999999999Ti1.4P2.3999999999999995O9.599999999999998,,-3.6108339156354674
110,Li6.8La3Zr1.8Ta0.2O12,Li6.8La3Zr1.8Ta0.2O12,230.0,-3.4045297782083606
227,Li9P3S9O3,Li9P3S9O3,137.0,-4.369572124974976
1043,Li7P2.9S10.85Mo0.01,Li7P2.9S10.85Mo0.01,,-2.318758762624413
459,Li6PS5Br0.75I0.25,Li6PS5Br0.75I0.25,216.0,-3.9507819773298185
61,Li1.6Al0.6Ge1.4(PO4)3,Li1.6Al0.6Ge1.4P3O12,167.0,-3.475592719063694
1093,0.8Li2O-0.2P2S5,Li1.6O0.8P0.4S,,-4.8124792791635365
305,Li4.4Al0.4Ge0.6S4,Li4.4Al0.4Ge0.6S4,164.0,-4.363512103646634
514,Li6.55P0.45Ge0.55S5I,Li6.55P0.45Ge0.55S5I,216.0,-3.3861581781239307
879,0.8(SiS2-Li2S)-0.2LiCl,Si0.8S2.6Li2.2Cl0.2,,-3.6289321377282637
798,0.63Li2O-0.37P2O5,Li1.26O2.48P0.74,,-6.886056647693163
1321,Li1.3Al0.3Zr1.4(PO4)3,Li1.3Al0.3Zr1.4P3O12,,-5.718966632752273
1148,0.99(0.7Li2S-0.3P2S5)- 0.01Li2ZrO3,Li1.406S2.193P0.6Zr0.01O0.03,,-2.543633966870957
241,Li3.26Sn0.26P0.74S4,Li3.26Sn0.26P0.74S4,137.0,-2.343901797987168
33,0.93(0.6Li2S-0.4SiS2)-0.07Li3BO3,Li1.326S1.358Si0.4B0.07O0.21,,-3.4231474330087117
1003,0.8(0.55Li2-0.45SiS2)-0.2(0.55Li2O-0.45P2O5),Li1.1Si0.45S0.9O2.36P0.9,,-4.103473782510445
339,Li1.4Ga0.4Ti1.6(PO4)3,Li1.4Ga0.4Ti1.6P3O12,167.0,-3.8927900303521317
57,0.75Li2S-0.25P2S5,Li1.5S2P0.5,,-3.6166358426745724
436,Li5.5K0.25La2.75Nb2O12,Li5.5K0.25La2.75Nb2O12,199.0,-2.496209316942819
991,0.55Li2-0.45SiS2,Li1.1Si0.45S0.9,,-3.185086818724926
675,Li5.5La3Ta1.75Sm0.25O12,Li5.5La3Ta1.75Sm0.25O12,230.0,-5.286509456906058
46,0.9(0.6Li2S-0.4SiS2)- 0.1Li4GeO4,Li1.48S1.34Si0.4Ge0.1O0.4,,-3.4975728800155674
1135,0.45Li2S-0.25Li2O-0.3P2S5,Li1.4O0.25P0.6S1.95,,-5.292429823902063
1257,(Li0.39La0.54)1.006Al0.006Ti0.994O3,Li0.39234La0.5432400000000001Al0.006Ti0.994O3,,-2.9469215565165805
132,Li2.88PO3.73N0.14,Li2.88PO3.73N0.14,62.0,-12.853871964321762
202,Li0.31La0.63TiO3,Li0.31La0.63TiO3,123.0,-3.3861581781239307
1334,Li1.4Y0.4Ti1.6(PO4)3,Li1.4Y0.4Ti1.6P3O12,,-6.527243550682788
0,0.14 SiS2-0.09 P2S5-0.47 Li2S-0.30 LiI,I0.3Li1.24P0.18S1.2Si0.14,,-2.7786033870301154
1132,0.3Li2S-0.4Li2O-0.3P2S5,Li1.4O0.4P0.6S1.8,,-5.790484985457369
995,0.95(0.5Li2-0.5SiS2)-0.05(0.5Li2O-0.5P2O5),LiSi0.5SO2.525P,,-3.369572124974976
844,Li3.7Zn0.15GeO4,Li3.7Zn0.15GeO4,,-6.334419008982047
1268,(La0.5Li0.5)0.9Sr0.1TiO3,La0.45Li0.45Sr0.1TiO3,,-2.886056647693163
930,0.5025Li2O-0.0025Al2O3-0.095TiO2-0.4P2O5,Al0.005Li1.005O2.7P0.8Ti0.095,,-7.806875401645538
437,Li5.5La3Nb1.75In0.25O12,Li5.5La3Nb1.75In0.25O12,199.0,-2.0931264652779293
1300,La0.54Li0.36Ti0.995W0.005O3,La0.54Li0.36Ti0.995W0.005O3,,-3.5850266520291822
838,Li2OHBr0.8F0.2,Li2OHBr0.8F0.2,,-6.2644011003018205
223,Li9.42Si1.02P2.1S9.96O2.04,Li9.42Si1.02P2.1S9.96O2.04,137.0,-3.958607314841775
980,0.1Li2O-0.1LiCl-0.65B2O3-0.1SiO2-0.05Al2O3,Al0.1B1.3Cl0.1Li0.30000000000000004O2.4000000000000004Si0.1,,-3.721246399047171
157,Li3.6Ge0.6V0.4O4,Li3.6Ge0.6V0.4O4,62.0,-4.705533773838407
170,Pr0.51Li0.39TiO2.96,Pr0.51Li0.39TiO2.96,62.0,-6.272458742971444
54,LiGaBr4,LiGaBr4,14.0,-5.154901959985743
931,0.505Li2O-0.005Al2O3-0.09TiO2-0.4P2O5,Al0.01Li1.01O2.7P0.8Ti0.09,,-6.749579997691106
746,Li3Cl0.5Br0.5O,Li3Cl0.5Br0.5O,,-2.712198270069774
1151,Li2.7PO3.9,Li2.7PO3.9,,-7.154901959985743
1280,Li0.5La0.5Ti0.9Zr0.1O3,Li0.5La0.5Ti0.9Zr0.1O3,,-4.151810883008602
480,Li6P(S4.7Se0.3)Br,Li6PS4.7Se0.3Br,216.0,-2.441291429466834
160,Li3.87Sn0.87As0.13S4,Li3.87Sn0.87As0.13S4,62.0,-4.8297382846050425
633,Li5La3Bi2O12,Li5La3Bi2O12,230.0,-4.3979400086720375
151,Pr0.57Li0.29TiO3,Pr0.57Li0.29TiO3,62.0,-5.543633966870957
123,Li3.8Si0.8Al0.2S4,Li3.8Si0.8Al0.2S4,62.0,-7.623423042943488
1122,0.6Li2S-0.15Li2O-0.25P2S5,Li1.5O0.15P0.5S1.85,,-4.032920265855503
92,Li3InBr6,Li3InBr6,12.0,-3.3979291515814154
114,Li6La3ZrTaO12,Li6La3ZrTaO12,230.0,-3.6565220158670106
1009,0.725Li2S-0.275P2S5,Li1.45S2.1P0.55,,-3.3458234581220396
835,Li2OHBr0.98F0.02,Li2OHBr0.98F0.02,,-5.954677021213342
391,Li1.05Al0.05Ti0.95(PO4)3,Li1.05Al0.05Ti0.95P3O12,167.0,-2.958607314841775
132,LiZr2(PO4)3,LiZr2P3O12,167.0,-7.230192746046663
636,Li4Nd3TeSbO12,Li4Nd3TeSbO12,230.0,-5.707743928643524
58,Li1.5Sc0.5Ti1.5(PO4)3,Li1.5Sc0.5Ti1.5P3O12,167.0,-4.9314400961428975
218,La0.63Li0.11(Mg0.5W0.5)O3,La0.63Li0.11Mg0.5W0.5O3,129.0,-5.167491087293763
159,Li3.5Ge0.5V0.5O4,Li3.5Ge0.5V0.5O4,62.0,-4.752026733638194
366,Li1.3(Al0.23Sc0.07Ti1.7)(PO4)3,Li1.3Al0.23Sc0.07Ti1.7P3O12,167.0,-6.7121982700697735
1168,0.33B2S3-0.67Li2S,B0.66S1.6600000000000001Li1.34,,-3.6458915608525992
94,Li0.2Na0.3La0.5Nb2O6,Li0.2Na0.3La0.5Nb2O6,47.0,-4.928117992693875
467,Li6.175P0.825Si0.175S5Br,Li6.175P0.825Si0.175S5Br,216.0,-3.0310503190186573
68,Li10.05Ge1.05P1.95S12,Li10.05Ge1.05P1.95S12,137.0,-1.9083650781585977
833,Li2OHBrF,Li2OHBrF,,-6.1487416512809245
469,Li6.225P0.775Si0.225S5Br,Li6.225P0.775Si0.225S5Br,216.0,-2.96657624451305
1270,(La0.5Li0.5)0.95Ba0.05TiO3,La0.475Li0.475Ba0.05TiO3,,-3.1186153432294272
527,(La0.46Li0.429Sr0.111)(TiO3),La0.46Li0.429Sr0.111TiO3,221.0,-3.705533773838407
118,Li6SrLa2Ta2O12,Li6SrLa2Ta2O12,230.0,-5.192470053382839
1233,0.9LiTi2(PO4)3-0.1Li3BO3,Li1.2000000000000002Ti1.8P2.7O11.100000000000001B0.1,,-3.595166283380062
1042,0.67(0.75Li2S-0.25P2S5)-0.33LiBH4,Li1.335S1.752P0.5B0.33H1.32,,-2.9469215565165805
333,Li1.4Cr0.4Ti1.6(PO4)3,Li1.4Cr0.4Ti1.6P3O12,167.0,-3.826813731587726
937,0.54Li2O-0.04Al2O3-0.02TiO2-0.4P2O5,Al0.08Li1.08O2.7P0.8Ti0.02,,-6.705533773838407
450,Li5NI2,Li5NI2,216.0,-5.3979400086720375
390,LiTi(PO4)3,LiTiP3O12,167.0,-4.221848749616356
1262,(Li0.39La0.54)1.025Cr0.05Ti0.95O3,Li0.39975La0.5535Cr0.05Ti0.95O3,,-2.9829666607012197
742,Li1.2Ge0.2Ti1.8(PO4)3,Li1.2Ge0.2Ti1.8P3O12,,-4.100179497572904
82,Li3.4Ge0.4P0.6S4,Li3.4Ge0.4P0.6S4,11.0,-3.1847545352003293
548,La0.55Li0.33TiO3,La0.55Li0.33TiO3,221.0,-2.8013429130455774
873,0.25 LiBr-0.38 SiS2-0.38 Li2S,Br0.25Li1.01S1.14Si0.38,,-3.619788758288394
1021,0.9Li6Si2S7-0.1Li6B4O9,Li6Si1.8S6.3B0.4O0.9,,-3.424812155072339
576,Li1.9Mn0.9Ga0.1Cl4,Li1.9Mn0.9Ga0.1Cl4,227.0,-6.6252516539898965
88,Li3.8Ge0.8P0.2S4,Li3.8Ge0.8P0.2S4,11.0,-5.753270974502406
189,Li2B4O7,Li2B4O7,110.0,-10.0
688,Li7La3Zr1.6Ga0.4O12,Li7La3Zr1.6Ga0.4O12,230.0,-4.356547323513813
69,Li2ZrO3,Li2ZrO3,15.0,-9.214670164989233
650,Li6.06Al0.2La3Zr2O12,Li6.06Al0.2La3Zr2O12,230.0,-3.3979400086720375
103,Li6.4La3Zr1.4Sb0.6O12,Li6.4La3Zr1.4Sb0.6O12,230.0,-3.1804560644581312
993,0.63Li2-0.37SiS2,Li1.26Si0.37S0.74,,-2.978810700930062
493,Li6P0.92Ge0.08S5I,Li6P0.92Ge0.08S5I,216.0,-5.044793462458058
361,Li(Ti0.4Sn1.6)(PO4)3,LiTi0.4Sn1.6P3O12,167.0,-5.501689446210399
45,0.85(0.6Li2S-0.4SiS2)-0.15Li3BO3,Li1.47S1.31Si0.4B0.15O0.45,,-3.4678870978703915
465,Li6.1P0.95Si0.1S5Br,Li6.1P0.95Si0.1S5Br,216.0,-3.097453220686009
1258,(Li0.39La0.54)1.01Al0.02Ti0.98O3,Li0.39390000000000003La0.5454Al0.02Ti0.98O3,,-2.8013429130455774
743,Li1.5Ge0.5Ti1.5(PO4)3,Li1.5Ge0.5Ti1.5P3O12,,-3.721246399047171
11,Li0.39La0.54TiO3,Li0.39La0.54TiO3,,-2.9789880363755663
117,Li3.1Si0.55S0.45O4,Li3.1Si0.55S0.45O4,62.0,-6.503070351926785
325,Li1.3Ti2Si0.3P2.7O12,Li1.3Ti2Si0.3P2.7O12,167.0,-3.494850021680094
876,0.4 LiBr-0.3 SiS2-0.3 Li2S,Br0.4LiS0.9Si0.3,,-3.958607314841775
928,0.9(0.6Li2S-0.4SiS2)-0.1Li2SO4,Li1.28S1.44Si0.4O0.4,,-4.327902142064283
25,Li4SiO4,Li4SiO4,11.0,-9.301029995663981
231,Li10GePS12,Li10GePS12,137.0,-1.91721462968355
205,Li0.68La0.49TiO3,Li0.68La0.49TiO3,123.0,-2.9871627752948275
983,0.75(0.5Li2O-0.5Li2S)-0.25P2S5,Li1.75O0.375S1.75P0.5,,-4.548213564475709
777,Li10(Ge0.5Sn0.5)P2S12,Li10Ge0.5Sn0.5P2S12,,-2.2097148359667584
1084,Li3.4Ge0.4P0.6S3.2Se0.8,Li3.4Ge0.4P0.6S3.2Se0.8,,-2.9318141382538383
1298,La0.55Li0.36Ti0.995Al0.005O3,La0.55Li0.36Ti0.995Al0.005O3,,-2.958607314841775
864,(2Li2S-P2S5)0.60(LiI)0.40,Li2.8P1.2S4.2I0.4,,-3.1191864077192086
971,0.6Li3N-0.4SiS2,Li1.7999999999999998N0.6Si0.4S0.8,,-7.647817481888637
70,Li6Zr2O7,Li6Zr2O7,15.0,-9.2839966563652
655,Li5.2La3Nb1.9Y0.1O12,Li5.2La3Nb1.9Y0.1O12,230.0,-4.1944991418416
659,Li6Ba0.5Sr0.5La2Ta2O12,Li6Ba0.5Sr0.5La2Ta2O12,230.0,-5.1487416512809245
135,Li14Zn(GeO4)4,Li14ZnGe4O16,62.0,-6.0
239,Li3.285Sn0.28P0.72S4,Li3.285Sn0.28P0.72S4,137.0,-2.360513510731414
31,Li1.2Sc0.2Ti1.8(PO4)3,Li1.2Sc0.2Ti1.8P3O12,167.0,-3.773654543693338
1115,0.25Li2S-0.5Li2O-0.25P2S5,Li1.5O0.5P0.5S1.5,,-4.42021640338319
726,Li2.8Ca0.1InBr6,Li2.8Ca0.1InBr6,,-3.5228787452803374
208,Li0.36La0.55TiO3,Li0.36La0.55TiO3,123.0,-3.0296531237699065
528,(La0.402Li0.368Sr0.230)(TiO3),La0.402Li0.368Sr0.23TiO3,221.0,-4.542118103266008
539,Li0.375Sr0.4375Hf0.25Ta0.75O3,Li0.375Sr0.4375Hf0.25Ta0.75O3,221.0,-3.42021640338319
1219,Li3.5As0.5Ge0.5O4,Li3.5As0.5Ge0.5O4,,-4.548213564475709
839,Li3(OH)2Cl,Li3O2H2Cl,,-7.565431095965801
116,Li6PS5Cl,Li6PS5Cl,216.0,-3.9846293877759393
350,Li1.4In0.4Ti1.6(PO4)3,Li1.4In0.4Ti1.6P3O12,167.0,-3.5199930570428495
95,Li4GeS4,Li4GeS4,62.0,-6.698970004336019
174,Li2MgBr4,Li2MgBr4,65.0,-9.10790539730952
1157,Li4.0PO3.9N0.4,Li4PO3.9N0.4,,-5.769551078621726
564,Li3OBr,Li3OBr,221.0,-5.958607314841775
845,Li3.5Zn0.25GeO4,Li3.5Zn0.25GeO4,,-6.616184634019569
77,LiVO3,LiVO3,15.0,-8.688246138944246
102,Li6.2La3Zr1.2Ta0.8O12,Li6.2La3Zr1.2Ta0.8O12,230.0,-3.494850021680094
107,Li0.12La0.75TiO3,Li0.12La0.75TiO3,47.0,-3.623423042943488
860,0.6 Li2S * 0.4 SiS2,Li1.2Si0.4S1.4,,-3.3010299956639813
85,Li3SbS3,Li3SbS3,33.0,-7.0
1035,0.667Li2S-0.333P2S5,Li1.334S2.332P0.666,,-4.4156687756324695
969,0.4Li3N-0.6SiS2,Li1.2000000000000002N0.4Si0.6S1.2,,-3.562249437179612
91,Li3ClO,Li3ClO,221.0,-2.336320532806835
1274,Li0.5La0.5Ti0.96Sn0.04O3,Li0.5La0.5Ti0.96Sn0.04O3,,-3.4100503986742923
885,0.9(0.4SiS2-0.6Li2S)-0.1LiI,Si0.36S1.32Li1.3I0.1,,-3.1870866433571443
634,Li6La2SrBi2O12,Li6La2SrBi2O12,230.0,-4.2839966563652006
762,Li6La3ZrNbO12,Li6La3ZrNbO12,,-3.8239087409443187
938,0.545Li2O-0.045Al2O3-0.01TiO2-0.4P2O5,Al0.09Li1.09O2.7P0.8Ti0.01,,-7.146301788223826
429,LiAlSiO4,LiAlSiO4,181.0,-8.698970004336019
327,Li1.5Ti2Si0.5P2.5O12,Li1.5Ti2Si0.5P2.5O12,167.0,-4.017728766960432
537,Li0.375Sr0.4375Zr0.25Ta0.75O3,Li0.375Sr0.4375Zr0.25Ta0.75O3,221.0,-3.6989700043360187
29,0.6Li2S-0.4SiS2,Li1.2S1.4Si0.4,,-3.5991237969617926
54,Li1.5Al0.5Ge1.5(PO4)3,Li1.5Al0.5Ge1.5P3O12,167.0,-3.49315853146928
887,0.7(0.4SiS2-0.6Li2S)-0.3LiI,Si0.28S1.16Li1.5I0.3,,-2.939302159646388
39,0.9(0.6Li2S-0.4SiS2)-0.1Li3InO3,Li1.38S1.34Si0.4In0.1O0.3,,-4.165898393183549
48,Li17Sb13S28,Li17Sb13S28,12.0,-8.978810700930062
1046,Li11AlP2S12,Li11AlP2S12,,-3.0958256317158366
24,Li7.22Si1.5P0.5O8,Li7.22Si1.5P0.5O8,11.0,-6.785156151952302
124,Li3.6Si0.6Al0.4S4,Li3.6Si0.6Al0.4S4,62.0,-7.51427857351842
1185,0.975(0.5Li2S-0.5SiS2)-0.025Li3PO4,Li1.05S1.488Si0.5P0.025O0.1,,-4.057495893831919
1019,Li6Si2S7,Li6Si2S7,,-3.3861581781239307
992,0.60Li2-0.4SiS2,Li1.2Si0.4S0.8,,-2.9244530386074694
1228,0.95LiTi2(PO4)3-0.05Li3PO4,Li1.1Ti1.9P2.8999999999999995O11.599999999999998,,-4.2580609222708015
52,Li1.4Sc0.4Ti1.6(PO4)3,Li1.4Sc0.4Ti1.6P3O12,167.0,-4.15684053911074
770,Li10(Ge0.6Si0.4)P2S12,Li10Ge0.6Si0.4P2S12,,-2.2806687130162735
343,Li1.4Fe0.4Ti1.6(PO4)3,Li1.4Fe0.4Ti1.6P3O12,167.0,-3.406713932979543
698,Li6.65La2.75Ba0.25Zr1.4Ta0.5Nb0.1O12,Li6.65La2.75Ba0.25Zr1.4Ta0.5Nb0.1O12,230.0,-3.2781893847874533
410,Li1.7Cr0.7Ge1.3(PO4)3,Li1.7Cr0.7Ge1.3P3O12,167.0,-4.609064892896621
482,Li6P(S4.5Se0.5)Br,Li6PS4.5Se0.5Br,216.0,-2.571865205971211
58,LiAlCl4,LiAlCl4,14.0,-6.0
207,Li0.33La0.58TiO3,Li0.33La0.58TiO3,123.0,-3.0491485411114536
80,Li3.3Ge0.3P0.7S4,Li3.3Ge0.3P0.7S4,11.0,-2.756969041951625
137,Li3.70Ge0.85W0.15O4,Li3.7Ge0.85W0.15O4,62.0,-4.42021640338319
481,Li6P(S4.6Se0.4)Br,Li6PS4.6Se0.4Br,216.0,-2.438898616350944
337,Li1.2Ga0.2Ti1.8(PO4)3,Li1.2Ga0.2Ti1.8P3O12,167.0,-3.7904849854573692
246,Li10(Ge0.776Sn0.224)P2S12,Li10Ge0.776Sn0.224P2S12,137.0,-1.85078088734462
1230,0.8LiTi2(PO4)3-0.2Li3PO4,Li1.4000000000000001Ti1.6P2.6000000000000005O10.400000000000002,,-3.714442690992226
172,Li4GeO4,Li4GeO4,63.0,-9.55284196865778
9,Li0.18La0.61TiO3,Li0.18La0.61TiO3,65.0,-3.5262831390564746
893,0.27SiS2-0.03Al2S3-0.30Li2S-0.40LiI,Al0.06I0.4LiS0.9299999999999999Si0.27,,-2.9208187539523753
616,Li6.55La3Zr1.55Ta0.45O12,Li6.55La3Zr1.55Ta0.45O12,230.0,-3.161150909262745
1029,0.63Li6Si2S7-0.37Li6B4S9,Li6Si1.26S7.74B1.48,,-3.3575354797578787
1291,La0.58Li0.36Ti0.95Mg0.05O3,La0.58Li0.36Ti0.95Mg0.05O3,,-3.677780705266081
99,(Ag0.33Li0.67)0.27La0.57TiO3,Ag0.08910000000000001Li0.18090000000000003La0.57TiO3,47.0,-4.0
1041,0.89(0.75Li2S-0.25P2S5)-0.11LiBH4,Li1.445S1.917P0.5B0.11H0.44,,-3.209011524911184
397,Li1.1Cr0.1Ti0.9(PO4)3,Li1.1Cr0.1Ti0.9P3O12,167.0,-3.5850266520291822
1039, (0.75Li2S-0.25P2S5),Li1.5P0.5S2,,-3.571865205971211
622,Li5.72Al0.26La3Zr1.5W0.25O12,Li5.72Al0.26La3Zr1.5W0.25O12,230.0,-3.309803919971486
555,La0.385Sr0.275Li0.275TiO3,La0.385Sr0.275Li0.275TiO3,221.0,-4.218963061378868
122,Li7PS6,Li7PS6,,-4.945042068488103
372,Li1.1Y0.1Zr1.9(PO4)3,Li1.1Y0.1Zr1.9P3O12,167.0,-4.0
38,0.95(0.6Li2S-0.4SiS2)-0.05Li4GeO4,Li1.34S1.37Si0.4Ge0.05O0.2,,-2.92083383414551
638,Li6SrLa2Sb2O12,Li6SrLa2Sb2O12,230.0,-5.180456064458132
590,Li6.5Ba1.5La1.5Ta2O12,Li6.5Ba1.5La1.5Ta2O12,230.0,-4.494850021680094
55,Li2SO4,Li2SO4,14.0,-13.853871964321762
124,Li9.81Sn0.81P2.19S12,Li9.81Sn0.81P2.19S12,137.0,-2.281203983873019
4,La0.54Li0.39TiO3,La0.54Li0.39TiO3,123.0,-3.0447544992118756
853,Li3V1.8Al0.2(PO4)3,Li3V1.8Al0.2P3O12,,-5.72584215073632
869,0.27B2S3 ? 0.32Li2S ? 0.41LiI,B0.54S1.1300000000000001Li1.05I0.41,,-3.3716110699496884
1180,0.25B2S3-0.75Li2S,B0.5S1.5Li1.5,,-3.518557371497695
458,Li6PS5Cl0.75Br0.25,Li6PS5Cl0.75Br0.25,216.0,-2.6458915608525992
1259,(Li0.39La0.54)1.03Al0.06Ti0.94O3,Li0.4017La0.5562Al0.06Ti0.94O3,,-2.856985199745905
987,0.75(0.1Li2O-0.9Li2S)-0.25P2S5,Li1.95O0.075S2.15P0.5,,-3.6439741428068775
551,La0.6Sr0.06Li0.06TiO3,La0.6Sr0.06Li0.06TiO3,221.0,-4.94692155651658
1212,0.6LiI-0.4Al2O3,Li0.6I0.6Al0.8O1.2000000000000002,,-4.404503778174426
776,Li10(Ge0.7Sn0.3)P2S12,Li10Ge0.7Sn0.3P2S12,,-2.187755303199631
336,Li1.7Cr0.7Ti1.3(PO4)3,Li1.7Cr0.7Ti1.3P3O12,167.0,-5.094204119632131
1133,0.35Li2S-0.35Li2O-0.3P2S5,Li1.4O0.35P0.6S1.85,,-5.434152181326482
832,Li1.90Cd1.05Cl4,Li1.9Cd1.05Cl4,,-5.455931955649724
44,Li3InCl6,Li3InCl6,12.0,-2.6903698325741012
401,Li1.1Fe0.1Ti0.9(PO4)3,Li1.1Fe0.1Ti0.9P3O12,167.0,-3.2006594505464183
545,La0.52Li0.35TiO2.96,La0.52Li0.35TiO2.96,221.0,-3.0404816230270018
252,Li10.2Si1.2P1.8S12,Li10.2Si1.2P1.8S12,137.0,-2.3809066693732572
42,Li1.3Al0.3Ge1.7(PO4)3,Li1.3Al0.3Ge1.7P3O12,167.0,-3.883583692224033
997,0.95(0.55Li2-0.45SiS2)-0.05(0.55Li2O-0.45P2O5),Li1.1Si0.45S0.9O2.277P0.9,,-2.9956786262173574
1140,0.7Li2S- 0.3P2S5,Li1.4S5.7P2,,-4.272458742971444
1332,Li1.2Y0.2Ti1.8(PO4)3,Li1.2Y0.2Ti1.8P3O12,,-6.0996328713435295
1108,0.75Li2S-0.05Li2O-0.2P2S5,Li1.6O0.05P0.4S1.75,,-3.844663962534938
727,Li2.7Ca0.15InBr6,Li2.7Ca0.15InBr6,,-4.15676722190199
1339,Li6.6La2.875Y0.125Zr1.6Ta0.4O12,Li6.6La2.875Y0.125Zr1.6Ta0.4O12,,-3.4989407377822483
1271,La0.63Li0.1Mg0.5W0.5O3,La0.63Li0.1Mg0.5W0.5O3,,-5.772113295386326
706,Li6.949La3Zr2O12Al0.262,Li6.949La3Zr2O12Al0.262,230.0,-3.6478174818886377
186,(Li0.5Ce0.25Sm0.25)(MoO4),Li0.5Ce0.25Sm0.25MoO4,88.0,-9.744727494896694
1174,0.6(0.33B2S3-0.67Li2S)-0.4LiI,B0.396S1.264Li1.74I0.4,,-3.3106911408763797
572,(Li0.826Mg0.174)(Li0.374Mg0.026Ti1.60)O4,Li0.826Mg0.174Li0.374Mg0.026Ti1.6O4,227.0,-8.372634143407268
371,Li1.05Y0.05Zr1.95(PO4)3,Li1.05Y0.05Zr1.95P3O12,167.0,-3.886056647693163
542,Li2.99Ba0.005ClO,Li2.99Ba0.005ClO,221.0,-1.6020599913279623
1113,0.15Li2S-0.6Li2O-0.25P2S5,Li1.5O0.6P0.5S1.4,,-4.573488738635425
828,Li1.6Mn1.2Cl4,Li1.6Mn1.2Cl4,,-4.838631997765025
97,Li4SiS4,Li4SiS4,11.0,-7.6300392856003
373,Li1.1Al0.1Ge1.9(PO4)3,Li1.1Al0.1Ge1.9P3O12,167.0,-4.889410289700751
105,Li0.15La0.72TiO3,Li0.15La0.72TiO3,47.0,-3.382999658879101
324,Li1.2Ti2Si0.2P2.8O12,Li1.2Ti2Si0.2P2.8O12,167.0,-4.0655015487564325
968,0.3Li3N-0.7SiS2,Li0.8999999999999999N0.3Si0.7S1.4,,-4.527243550682788
1099,0.3Li2S-0.5Li2O-0.2P2S5,Li1.6O0.5P0.4S1.3,,-4.361510743045363
571,(Li0.916Mg0.084)(Li0.352Mg0.016Ti1.634)O4,Li0.916Mg0.084Li0.352Mg0.016Ti1.634O4,227.0,-7.761953896871205
1026,0.9Li6Si2S7-0.1Li6B4S9,Li6Si1.8S7.2B0.4,,-3.3251388592621884
532,(La0.55Li0.45)(Ti0.9Al0.1)O3,La0.55Li0.45Ti0.9Al0.1O3,221.0,-2.8210230527068307
149,Pr0.55Li0.35TiO3,Pr0.55Li0.35TiO3,62.0,-5.82102305270683
630,Li6.375La3Zr1.375Nb0.625O12,Li6.375La3Zr1.375Nb0.625O12,230.0,-2.8632794328435933
658,Li6.5La3Nb1.25Y0.75O12,Li6.5La3Nb1.25Y0.75O12,230.0,-3.4647058799572297
143,LiZnSO4F,LiZnSO4F,62.0,-4.552841968657781
98,Li5La3Nb1.9Y0.1O12,Li5La3Nb1.9Y0.1O12,230.0,-4.843150735219845
1172,0.75(0.33B2S3-0.67Li2S)-0.25LiI,B0.495S1.413Li1.59I0.25,,-3.214670164989233
556,La0.36Sr0.3Li0.3TiO3,La0.36Sr0.3Li0.3TiO3,221.0,-4.716698771296451
759,Li6.75La3Zr1.75Nb0.25O12,Li6.75La3Zr1.75Nb0.25O12,,-3.1129456219490432
120,Li4.4Si0.6Al0.4S4,Li4.4Si0.6Al0.4S4,62.0,-7.517126416391246
643,Li6.15La3Zr1.75Ta0.25Ga0.2O12,Li6.15La3Zr1.75Ta0.25Ga0.2O12,230.0,-3.3872161432802645
974,0.667Li2S-0.333P2S3,Li1.334S1.6660000000000001P0.666,,-3.958607314841775
1290,Li0.5La0.5Ti0.99Ge0.01O3,Li0.5La0.5Ti0.99Ge0.01O3,,-2.9469215565165805
133,Li3PO4,Li3PO4,62.0,-17.3767507096021
18,0.97(0.6Li2S-0.4SiS2)-0.03Li3InO3,Li1.254S1.382Si0.4In0.03O0.09,,-3.508640565774164
61,LiClC3H7NO,LiClC3H7NO,14.0,-3.795880017344075
402,Li1.2Fe0.2Ti0.8(PO4)3,Li1.2Fe0.2Ti0.8P3O12,167.0,-2.853871964321762
621,Li6.05Ga0.25La3Zr2O11.8F0.2,Li6.05Ga0.25La3Zr2O11.8F0.2,230.0,-2.8927900303521317
292,LiGaSiO4,LiGaSiO4,146.0,-15.522878745280337
774,Li10(Ge0.9Sn0.1)P2S12,Li10Ge0.9Sn0.1P2S12,,-2.1232050237992994
93,Li3N,Li3N,191.0,-3.221848749616356
454,Li6PS5Cl0.5Br0.5,Li6PS5Cl0.5Br0.5,216.0,-2.4775557664936803
1094,0.05Li2S-0.75Li2O-0.2P2S5,Li1.6O0.75P0.4S1.05,,-4.856985199745905
751,80Li2S * 20P2S5,Li160S85P2,,-3.1426675035687315
115,Li6PS5Br,Li6PS5Br,216.0,-3.5527874703441014
50,Li3YBr6,Li3YBr6,12.0,-2.7166987712964503
1331,Li1.1Y0.1Ti1.9(PO4)3,Li1.1Y0.1Ti1.9P3O12,,-6.531652669587842
112,Li6CaLa2Ta2O12,Li6CaLa2Ta2O12,230.0,-5.657577319177793
36,0.92(0.6Li2S-0.4SiS2)-0.08Li3GaO3,Li1.344S1.352Si0.4Ga0.08O0.24,,-3.5164179725080578
105,Li6.5La3Zr1.5Ta0.5O12,Li6.5La3Zr1.5Ta0.5O12,230.0,-3.115254926899324
351,Li1.5In0.5Ti1.5(PO4)3,Li1.5In0.5Ti1.5P3O12,167.0,-3.6903698325741012
354,Li1.4La0.4Ti1.6(PO4)3,Li1.4La0.4Ti1.6P3O12,167.0,-3.3027706572402824
473,Li6.5P0.5Si0.5S5Br,Li6.5P0.5Si0.5S5Br,216.0,-2.6595558851598815
653,(Li6.26Al0.24)La3Zr2O12,Li6.26Al0.24La3Zr2O12,230.0,-3.5086383061657274
335,Li1.6Cr0.6Ti1.4(PO4)3,Li1.6Cr0.6Ti1.4P3O12,167.0,-3.899629454882437
1144,0.7Li2S-0.28P2S5-0.02Li3PO4,Li1.46O0.08P0.5800000000000001S2.1,,-3.0048037084028207
1085,Li3.35Ge0.35P0.65S3.3Se0.7,Li3.35Ge0.35P0.65S3.3Se0.7,,-2.9208187539523753
414,Li1.5Fe0.5Ge1.5(PO4)3,Li1.5Fe0.5Ge1.5P3O12,167.0,-4.591760034688151
1149,0.98(0.7Li2S-0.3P2S5)- 0.02Li2ZrO3,Li1.412S2.186P0.6Zr0.02O0.06,,-2.9136401693252516
57,Li6Ge2O7,Li6Ge2O7,14.0,-6.070581074285707
1173,0.66(0.33B2S3-0.67Li2S)-0.34LiI,B0.436S1.323Li1.68I0.34,,-3.282329496997738
1104,0.55Li2S-0.25Li2O-0.2P2S5,Li1.6O0.25P0.4S1.55,,-3.9507819773298185
1121,0.55Li2S-0.2Li2O-0.25P2S5,Li1.5O0.2P0.5S1.8,,-4.151195298948196
83,Li3.4Si0.4P0.6S4,Li3.4Si0.4P0.6S4,11.0,-2.914205072641421
874,0.3 LiBr-0.3 SiS2-0.35 Li2S,Br0.3LiS0.95Si0.3,,-3.494850021680094
224,Li9.54Si1.74P1.44S11.7Cl0.3,Li9.54Si1.74P1.44S11.7Cl0.3,137.0,-1.596879478824182
70,Li10.2(Sn0.2Si0.8)1.2P1.8S12,Li10.2Sn0.24Si0.96P1.8S12,137.0,-2.338520483468872
782,0.58(Li2O) 0.42(P2O5),Li1.16P0.84O2.68,,-7.698970004336019
732,Li2ZnGeS4,Li2ZnGeS4,,-8.853871964321762
836,Li2OHBr0.95F0.05,Li2OHBr0.95F0.05,,-6.170696227168975
1234,0.8LiTi2(PO4)3-0.2Li3BO3,Li1.4000000000000001Ti1.6P2.4000000000000004O10.200000000000001B0.2,,-3.5272435506827877
820,Li3InBr3Cl3,Li3InBr3Cl3,,-3.9430951486635273
127,LiI,LiI,225.0,-7.025037020567475
1134,0.4Li2S-0.3Li2O-0.3P2S5,Li1.4O0.3P0.6S1.9,,-5.23210238398191
1,La0.51Li0.34TiO2.94,La0.51Li0.34TiO2.94,221.0,-3.5774509799928715
972,0.6Li2S-0.4P2S3,Li1.2S1.8000000000000003P0.8,,-5.2441251443275085
619,Li6.7La3Zr1.7Ta0.3O12,Li6.7La3Zr1.7Ta0.3O12,230.0,-3.0177287669604316
242,Li3.25Sn0.25P0.75S4,Li3.25Sn0.25P0.75S4,137.0,-2.4436974992327127
684,Li5La3Nb1.8Y0.2O12,Li5La3Nb1.8Y0.2O12,230.0,-5.043351420794797
419,LiIO3,LiIO3,173.0,-6.721246399047171
65,Li2.5V2(PO4)3,Li2.5V2P3O12,14.0,-6.721246399047171
440,(K0.1Li0.9)(SbO3),K0.1Li0.9SbO3,201.0,-7.866461091629782
1158,Li3.7PO3.4N0.7,Li3.7PO3.4N0.7,,-5.627087997029894
861,(2Li2S-P2S5),Li4P2S7,,-3.9507819773298185
725,Li2.86Ca0.07InBr6,Li2.86Ca0.07InBr6,,-3.393618634889395
498,Li6P0.53Ge0.47S5I,Li6P0.53Ge0.47S5I,216.0,-2.8181564120552274
1163,Li1.8PO1.2N1.5,Li1.8PO1.2N1.5,,-5.769551078621726
451,Li2VCl4,Li2VCl4,216.0,-5.158015195409886
261,Li9.79Sn0.79P2.21S12,Li9.79Sn0.79P2.21S12,137.0,-2.341035157335565
370,Li1.025Y0.025Zr1.975(PO4)3,Li1.025Y0.025Zr1.975P3O12,167.0,-3.8927900303521317
577,Li1.65Mn0.65In0.35Cl4,Li1.65Mn0.65In0.35Cl4,227.0,-7.00436480540245
1164,Li3.3PO2.9N0.83,Li3.3PO2.9N0.83,,-5.508638306165727
470,Li6.25P0.75Si0.25S5Br,Li6.25P0.75Si0.25S5Br,216.0,-2.85078088734462
1198,0.97(0.61Li2S-0.39SiS2)-0.03Li3PO4,Li1.273S1.372Si0.39P0.03O0.12,,-3.234331445240986
40,Li3.1P0.9Si0.1O4,Li3.1P0.9Si0.1O4,11.0,-7.126679398184601
639,Li6(La2Ca)(NbO6)2,Li6La2CaNb2O12,230.0,-5.876148359032914
1112,0.1Li2S-0.65Li2O-0.25P2S5,Li1.5O0.65P0.5S1.35,,-4.598599459218456
1261,(Li0.39La0.54)1.01Cr0.02Ti0.98O3,Li0.39390000000000003La0.5454Cr0.02Ti0.98O3,,-2.9956786262173574
417,Li1.5In0.5Ge1.5(PO4)3,Li1.5In0.5Ge1.5P3O12,167.0,-5.235823867609669
12,Li6CuB4O10,Li6CuB4O10,2.0,-13.0
585,Li6SrLa2Nb2O12,Li6SrLa2Nb2O12,230.0,-5.376750709602099
1159,Li3.5PO3.2N0.8,Li3.5PO3.2N0.8,,-5.586700235918748
1323,LiHfTi(PO4)3,LiHfTiP3O12,,-6.249491605148654
1120,0.5Li2S-0.25Li2O-0.25P2S5,Li1.5O0.25P0.5S1.75,,-5.0195421077238995
472,Li6.35P0.65Si0.35S5Br,Li6.35P0.65Si0.35S5Br,216.0,-2.630784142589857
131,LiTi2(PO4)3,LiTi2P3O12,148.0,-4.972963568434689
382,Li0.86Hf2.035(PO4)3,Li0.86Hf2.035P3O12,167.0,-7.036212172654444
71,Li3AlF6,Li3AlF6,15.0,-6.301029995663981
592,Li7Ba2LaTa2O12,Li7Ba2LaTa2O12,230.0,-5.522878745280337
184,(Li0.5Ce0.5)(MoO4),Li0.5Ce0.5MoO4,88.0,-7.886056647693163
415,Li1.3Sc0.3Ge1.7(PO4)3,Li1.3Sc0.3Ge1.7P3O12,167.0,-4.252588192113577
934,0.515Li2O-0.015Al2O3-0.07TiO2-0.4P2O5,Al0.03Li1.03O2.7P0.8Ti0.07,,-6.903089986991944
123,Li8GeP4,Li8GeP4,205.0,-4.4051145218265635
6,LiV(PO4)F,LiVPO4F,2.0,-6.0915149811213505
1297,La0.55Li0.36Ti0.9W0.1O3,La0.55Li0.36Ti0.9W0.1O3,,-3.3565473235138126
315,Li1.5Ti1.5Sc0.5(PO4)3,Li1.5Ti1.5Sc0.5P3O12,167.0,-4.011441043121384
169,Nd0.54Li0.36TiO3,Nd0.54Li0.36TiO3,62.0,-7.465973893943865
83,LiGaO2,LiGaO2,33.0,-13.619788758288394
749,Li6.6La2.6Ce0.4Zr2O12,Li6.6La2.6Ce0.4Zr2O12,,-4.841637507904751
233,Li3.475Si0.475P0.525S4,Li3.475Si0.475P0.525S4,137.0,-2.2781893847874533
852,Li3V2(PO4)3,Li3V2P3O12,,-6.679853713888946
1218,Li3.5V0.5Si0.5O4,Li3.5V0.5Si0.5O4,,-4.920818753952375
152,Pr0.58Li0.26TiO3,Pr0.58Li0.26TiO3,62.0,-5.412289034981089
141,Li4SnSe4,Li4SnSe4,62.0,-4.698970004336019
1221,Li3.5As0.5Ti0.5O4,Li3.5As0.5Ti0.5O4,,-4.492144128304169
285,Li4SrN2,Li4SrN2,141.0,-12.638272163982407
496,Li6P0.74Ge0.26S5I,Li6P0.74Ge0.26S5I,216.0,-3.8210230527068307
823,Li1.8Mg1.1Cl4,Li1.8Mg1.1Cl4,,-5.818156412055227
1176,0.95(0.29B2S3-0.71Li2S)-0.05LiI,B0.551S1.536Li1.47I0.05,,-3.4294570601181027
507,Li6.2P0.8Sn0.2S5I,Li6.2P0.8Sn0.2S5I,216.0,-3.6345120151091
56,Li3BO3,Li3BO3,14.0,-10.130768280269024
60,LiBO2,LiBO2,14.0,-8.0
21,Li3.25Ge0.25P0.75S4,Li3.25Ge0.25P0.75S4,11.0,-2.657577319177794
109,Li0.23La0.7TiO3,Li0.23La0.7TiO3,47.0,-3.279014255846261
544,Sm0.5Li0.42TiO2.96,Sm0.5Li0.42TiO2.96,221.0,-9.405607449624574
90,La0.62Li0.14TiO3,La0.62Li0.14TiO3,47.0,-3.354577730650908
282,LiScO2,LiScO2,141.0,-12.0
817,Li(In0.62Li1.38)Br3.92,LiIn0.62Li1.38Br3.92,,-5.309803919971486
1155,Li2.9PO3.3N0.46,Li2.9PO3.3N0.46,,-5.481486060122113
1123,0.65Li2S-0.1Li2O-0.25P2S5,Li1.5O0.1P0.5S1.9,,-3.939302159646388
1145,0.7Li2S-0.27P2S5-0.03Li3PO4,Li1.49O0.12P0.5700000000000001S2.05,,-3.3565473235138126
1141,0.9Li3PS4???10ZnO,Li2.7P0.9S3.6Zn0.1O0.1,,-3.537602002101044
1197,0.975(0.61Li2S-0.39SiS2)-0.025Li3PO4,Li1.264S1.375Si0.39P0.025O0.1,,-3.196542884351586
670,Li49.6Al1.6La24Zr14.4Ta1.6O96,Li49.6Al1.6La24Zr14.4Ta1.6O96,230.0,-3.211831628858832
79,Li3.35Ge0.35P0.65S4,Li3.35Ge0.35P0.65S4,11.0,-2.813893924172969
1100,0.35Li2S-0.45Li2O-0.2P2S5,Li1.6O0.45P0.4S1.35,,-4.279014255846261
848,Li2.6Zn0.7GeO4,Li2.6Zn0.7GeO4,,-7.2373214362725635
1138,0.6Li2S-0.1Li2O-0.3P2S5,Li1.4O0.1P0.6S2.1,,-4.640164517660112
139,Li0.2(Ca0.36Sr0.04)TaO3,Li0.2Ca0.36Sr0.04TaO3,62.0,-8.036212172654444
889,0.55(0.4SiS2-0.6Li2S)-0.45LiI,Si0.22S1.04Li1.65I0.45,,-2.85078088734462
1024,0.95Li6Si2S7-0.05Li6B4S9,Li5.999999999999999Si1.9S7.1B0.2,,-3.309803919971486
100,Li5La3Ta2O12,Li5La3Ta2O12,230.0,-4.969703437655658
478,Li6P(S4.9Se0.1)Br,Li6PS4.9Se0.1Br,216.0,-2.494850021680094
1278,Li0.5La0.5Ti0.96Zr0.04O3,Li0.5La0.5Ti0.96Zr0.04O3,,-3.543633966870957
53,0.825(0.6Li2S-0.4SiS2)- 0.175Li3AlO3,Li1.515S1.295Si0.4Al0.175O0.525,,-3.8929093456680897
396,Li1.05Cr0.05Ti0.95(PO4)3,Li1.05Cr0.05Ti0.95P3O12,167.0,-3.744727494896694
1294,La0.55Li0.36Ti0.95Ge0.05O3,La0.55Li0.36Ti0.95Ge0.05O3,,-3.4436974992327127
1342,Li2ZrS3,Li2ZrS3,,-5.136677139879544
827,Li1.72Mn1.14Cl4,Li1.72Mn1.14Cl4,,-5.441291429466834
164,Li3.83Sn0.83As0.17S4,Li3.83Sn0.83As0.17S4,62.0,-2.856985199745905
543,Li2.99Ba0.005Cl0.5I0.5O,Li2.99Ba0.005Cl0.5I0.5O,221.0,-2.4723700991286615
517,LiCe(BH4)3Cl,LiCeB3H12Cl,217.0,-3.987162775294828
831,Li1.94Cl1.03Cl4,Li1.94Cl1.03Cl4,,-5.591760034688151
44,Li1.3Sc0.3Ti1.7(PO4)3,Li1.3Sc0.3Ti1.7P3O12,167.0,-3.6297934021972
113,Li6La3ZrSbO12,Li6La3ZrSbO12,230.0,-3.5850266520291822
114,Li6.5O8P1.5Si0.5,Li6.5O8P1.5Si0.5,62.0,-6.347753658996677
755,Li2S*P2S5*Li3N,Li5S6P2N,,-2.853871964321762
690,Li7La3Zr1Ga1O12,Li7La3ZrGaO12,230.0,-3.2676062401770314
701,Li6.4La3Zr1.4Ta0.4Nb0.2O12,Li6.4La3Zr1.4Ta0.4Nb0.2O12,230.0,-3.3419886033428874
32,0.94(0.6Li2S-0.4SiS2)-0.06Li3AlO3,Li1.308S1.364Si0.4Al0.06O0.18,,-3.170726731200959
733,Li9.6P3S12,Li9.6P3S12,,-2.9208187539523753
2,Li7BiO6,Li7BiO6,2.0,-6.055517327849832
298,LiNaSO4,LiNaSO4,159.0,-9.05551732784983
125,Li3.4Si0.4Al0.6S4,Li3.4Si0.4Al0.6S4,62.0,-7.838631997765025
28,0.6(Li2S) 0.4(GeS2),Li1.2S1.4Ge0.4,,-4.036212172654444
210,Li0.29La0.57TiO3,Li0.29La0.57TiO3,123.0,-4.356547323513813
888,0.6(0.4SiS2-0.6Li2S)-0.4LiI,Si0.24S1.08Li1.6I0.4,,-2.749579997691106
55,Li1.5Cr0.5Ti1.5(PO4)3,Li1.5Cr0.5Ti1.5P3O12,167.0,-3.558373752533357
1305,La0.466Li0.2Ti0.8Al0.2O3,La0.466Li0.2Ti0.8Al0.2O3,,-4.368556230986828
1178,0.78(0.29B2S3-0.71Li2S)-0.22LiI,B0.452S1.389Li1.64I0.22,,-3.1830961606243395
1203,0.95(0.65Li2S-0.35SiS2)-0.05Li3PO4,Li1.385S1.317Si0.35P0.05O0.2,,-3.7423214251308154
48,Li1.4Al0.4Ge1.6(PO4)3,Li1.4Al0.4Ge1.6P3O12,167.0,-3.612391444259284
1208,0.99LiI-0.01CaI2,Li0.99I1.01Ca0.01,,-5.2564902352715706
1310,Li0.24La0.59TiO3,Li0.24La0.59TiO3,,-3.003050751504619
626,Li6.2La3Zr1.6Mo0.4O12,Li6.2La3Zr1.6Mo0.4O12,230.0,-3.4685210829577446
520,Li4B7O12Cl,Li4B7O12Cl,219.0,-4.619788758288394
628,Li6.75La3Zr1.875Te0.125O12,Li6.75La3Zr1.875Te0.125O12,230.0,-3.4814860601221125
63,0.7(0.6Li2S-0.4SiS2)- 0.3Li3PO4,Li1.74S1.22Si0.4P0.3O1.2,,-4.681936665037238
435,Li3P,Li3P,194.0,-3.153044674980176
387,Li1.3Al0.1Sc0.2Ti1.7(PO4)3,Li1.3Al0.1Sc0.2Ti1.7P3O12,167.0,-3.3675427078152755
1189,0.99(0.6Li2S-0.4SiS2)-0.01Li3PO4,Li1.218S1.394Si0.4P0.01O0.04,,-3.596879478824182
485,Li6P(S4.2Se0.8)Br,Li6PS4.2Se0.8Br,216.0,-2.4584207560534193
1196,0.98(0.61Li2S-0.39SiS2)-0.02Li3PO4,Li1.256S1.378Si0.39P0.02O0.08,,-3.114073660198569
146,Li2ZnI4,Li2ZnI4,62.0,-7.3979400086720375
811,Li6.10La3Zr2Ga0.25O12,Li6.1La3Zr2Ga0.25O12,,-4.154901959985743
640,Li6(La2Sr)(NbO6)2,Li6La2SrNb2O12,230.0,-5.432973633840939
500,Li6P0.31Ge0.69S5I,Li6P0.31Ge0.69S5I,216.0,-2.2873502983727887
452,Li6PS5Cl0.25Br0.75,Li6PS5Cl0.25Br0.75,216.0,-2.7304870557820835
237,Li3.335Sn0.33P0.67S4,Li3.335Sn0.33P0.67S4,137.0,-2.4282911681913126
1182,0.89(0.25B2S3-0.75Li2S)-0.11LiI,B0.445S1.417Li1.61I0.11,,-3.4584207560534193
850,Li7La2.75Ca0.25Zr1.75Nb0.25O12,Li7La2.75Ca0.25Zr1.75Nb0.25O12,,-3.657577319177794
122,Li4.8Si0.2Al0.8S4,Li4.8Si0.2Al0.8S4,62.0,-6.647817481888637
1167,0.69(0.45B2S3-0.55Li2S)-0.31LiI,B0.621S1.482Li1.41I0.31,,-3.1203307943679466
21,0.95(0.6Li2S-0.4SiS2)-0.05Li3BO3,Li1.29S1.37Si0.4B0.05O0.15,,-2.847754736113256
101,(Ag0.67Li0.33)0.27La0.57TiO3,Ag0.18090000000000003Li0.08910000000000001La0.57TiO3,47.0,-6.698970004336019
484,Li6P(S4.3Se0.7)Br,Li6PS4.3Se0.7Br,216.0,-2.5214335044061564
3,Li7SbO6,Li7SbO6,2.0,-7.173925197299173
859,0.5 Li2S * 0.5 SiS2,LiSi0.5S1.5,,-4.0
883,0.6(SiS2-Li2S)-0.4LiCl,Si0.6S2.2Li2.4Cl0.4,,-4.031517051446065
785,0.66(Li2O) 0.34(P2O5),Li1.32P0.68O2.3600000000000003,,-6.638272163982407
1088,Li3.20Ge0.20P0.8S3.6Se0.4,Li3.2Ge0.2P0.8S3.6Se0.4,,-2.96657624451305
766,Li10(Ge0.95Si0.05)P2S12,Li10Ge0.95Si0.05P2S12,,-2.0639892042847903
115,Li3.4Si0.7S0.3O4,Li3.4Si0.7S0.3O4,62.0,-6.375717904164332
1293,La0.55Li0.36Ti0.95Mn0.05O3,La0.55Li0.36Ti0.95Mn0.05O3,,-3.721246399047171
1266,La0.64Li0.067TiO3,La0.64Li0.067TiO3,,-4.102372908709558
1232,0.95LiTi2(PO4)3-0.05Li3BO3,Li1.1Ti1.9P2.8499999999999996O11.549999999999999B0.05,,-4.444905551421681
550,La0.52Li0.42TiO3,La0.52Li0.42TiO3,221.0,-3.142064735280571
142,Li(BH4),LiBH4,62.0,-8.0
413,Li1.3Fe0.3Ge1.7(PO4)3,Li1.3Fe0.3Ge1.7P3O12,167.0,-4.52432881167557
898,0.3Li2S-0.7P2S5,Li0.6S3.8P1.4,,-1.7695510786217261
656,Li5.4La3Nb1.8Y0.2O12,Li5.4La3Nb1.8Y0.2O12,230.0,-4.17134010346468
1150,0.95(0.7Li2S-0.3P2S5)- 0.05Li2ZrO3,Li1.43S2.165P0.6Zr0.05O0.15,,-3.129596094720973
855,Li3V1.4Al0.6(PO4)3,Li3V1.4Al0.6P3O12,,-6.029653123769907
731,Li2GeS3,Li2GeS3,,-8.013228265733755
529,Li2(OH)0.9F0.1Cl,Li2O0.9H0.9F0.1Cl,221.0,-4.413412695328245
194,Li0.33La0.5TiO3,Li0.33La0.5TiO3,123.0,-3.0
768,Li10(Ge0.8Si0.2)P2S12,Li10Ge0.8Si0.2P2S12,,-2.137868620686963
20,0.95(0.6Li2S-0.4SiS2)-0.05Li3AlO3,Li1.29S1.37Si0.4Al0.05O0.15,,-2.8981844368347436
64,La(Li0.76Mg0.08)O2,LaLi0.76Mg0.08O2,14.0,-9.138465589140962
654,Li6La3Nb1.5Y0.5O12,Li6La3Nb1.5Y0.5O12,230.0,-3.72584215073632
288,Li7La3HfO12,Li7La3HfO12,142.0,-6.006563769502388
100,(Ag0.5Li0.5)0.27La0.57TiO3,Ag0.135Li0.135La0.57TiO3,47.0,-4.638272163982407
512,Li6.45P0.55Ge0.45S5I,Li6.45P0.55Ge0.45S5I,216.0,-3.4377071355435254
180,Li2Zn0.5PS4,Li2Zn0.5PS4,82.0,-3.886056647693163
747,Li3OCl,Li3OCl,,-3.832682665251824
929,0.5Li2O-0.1TiO2-0.4P2O5,LiO2.7P0.8Ti0.1,,-7.246416941107094
536,(Li0.16Sr0.69)(Ga0.25Ta0.75)O3,Li0.16Sr0.69Ga0.25Ta0.75O3,221.0,-5.432973633840939
130,0.5Li2S-0.5SiS2,LiS1.5Si0.5,,-5.060050837834995
311,Li1.1Ti1.9Sc0.1(PO4)3,Li1.1Ti1.9Sc0.1P3O12,167.0,-3.4100503986742923
1295,La0.55Li0.36Ti0.95Ru0.05O3,La0.55Li0.36Ti0.95Ru0.05O3,,-4.2839966563652006
533,(La0.6Li0.4)(Ti0.8Al0.2)O3,La0.6Li0.4Ti0.8Al0.2O3,221.0,-3.245651664288981
667,Li5.74La3Zr1.5Ta0.5O12,Li5.74La3Zr1.5Ta0.5O12,230.0,-3.0443122496864943
728,Li3.9Zn0.05GeS4,Li3.9Zn0.05GeS4,,-6.565431095965801
95,Li0.1Na0.4La0.5Nb2O6,Li0.1Na0.4La0.5Nb2O6,47.0,-4.91721462968355
8,Li3BP2O8,Li3BP2O8,2.0,-11.017728766960431
438,Li6BaLa2Nb2O12,Li6BaLa2Nb2O12,199.0,-5.221848749616356
821,Li3InBr2.5Cl3.5,Li3InBr2.5Cl3.5,,-5.443697499232713
880,0.75(SiS2-Li2S)-0.25LiCl,Si0.75S2.5Li2.25Cl0.25,,-3.575118363368933
1130,0.2Li2S-0.5Li2O-0.3P2S5,Li1.4O0.5P0.6S1.7,,-4.777283528852417
1200,0.9(0.61Li2S-0.39SiS2)-0.1Li3PO4,Li1.398S1.329Si0.39P0.1O0.4,,-3.8927900303521317
10,Li0.24La0.65TiO3,Li0.24La0.65TiO3,47.0,-3.1289561245337127
183,(Li1.19Zn0.9)PS4,Li1.19Zn0.9PS4,82.0,-5.187086643357144
96,Li4P2S6,Li4P2S6,162.0,-8.20965153014378
113,Li2SiN2,Li2SiN2,61.0,-6.795880017344075
1320,Li1.275Al0.275Zr1.45(PO4)3,Li1.275Al0.275Zr1.45P3O12,,-5.515700160653214
976,0.75Li2S-0.25P2S3,Li1.5S1.5P0.5,,-4.294136287716081
657,Li5.5La3Nb1.75Y0.25O12,Li5.5La3Nb1.75Y0.25O12,230.0,-4.037157318798758
1002,0.95(0.67Li2-0.33SiS2)-0.05(0.67Li2O-0.33P2O5),Li1.34Si0.33S0.66O1.684P0.66,,-3.701146923590293
1154,Li3.3PO3.8N0.22,Li3.3PO3.8N0.22,,-5.619788758288394
629,Li6.5La3Zr1.75Te0.25O12,Li6.5La3Zr1.75Te0.25O12,230.0,-2.9913998282380825
591,Li6.75Ba1.75La1.25Ta2O12,Li6.75Ba1.75La1.25Ta2O12,230.0,-4.903089986991944
1265,La0.6Li0.16TiO3.01,La0.6Li0.16TiO3.01,,-3.2006594505464183
300,Li2.667Mg0.667P2S6,Li2.667Mg0.667P2S6,162.0,-5.3979400086720375
75,Li10GeP2S12,Li10GeP2S12,137.0,-2.118558446946293
878,0.9(SiS2-Li2S)-0.1LiCl,Si0.9S2.8Li2.1Cl0.1,,-3.7351821769904636
77,Li3.2Ge0.2P0.8S4,Li3.2Ge0.2P0.8S4,11.0,-3.2549259108517976
177,LiBiO2,LiBiO2,72.0,-7.42021640338319
1335,LiTi2(PO4)3-0.5LiF,Li1.5Ti2P3O12F0.5,,-3.6345120151091
36,Li3.5Si0.5P0.5S4,Li3.5Si0.5P0.5S4,11.0,-3.7931741239681505
1264,La0.57Li0.26TiO2.99,La0.57Li0.26TiO2.99,,-3.0
566,Li6NI3,Li6NI3,225.0,-5.431798275933005
1272,Li0.5La0.5TiO3,Li0.5La0.5TiO3,,-3.0619809025237896
511,Li6.4P0.6Ge0.4S5I,Li6.4P0.6Ge0.4S5I,216.0,-3.600326278518962
652,Nd3Zr2Al0.5Li5.5O12,Nd3Zr2Al0.5Li5.5O12,230.0,-4.4089353929735005
1001,0.95(0.65Li2-0.35SiS2)-0.05(0.65Li2O-0.35P2O5),Li1.3Si0.35S0.7O1.782P0.7,,-3.272458742971444
499,Li6P0.48Ge0.52S5I,Li6P0.48Ge0.52S5I,216.0,-2.7375489102695707
166,Li3.82Sn0.82As0.18S4,Li3.82Sn0.82As0.18S4,62.0,-3.54821356447571
1285,Li0.5La0.5Ti0.99Mn0.01O3,Li0.5La0.5Ti0.99Mn0.01O3,,-2.9469215565165805
998,0.95(0.58Li2-0.42SiS2)-0.05(0.58Li2O-0.42P2O5),Li1.16Si0.42S0.84O2.129P0.84,,-2.9746941347352296
1126,0.7Li2O-0.3P2S5,Li1.4O0.7P0.6S1.5,,-10.23807216157947
274,Li9.4Ba0.3GeP2S12,Li9.4Ba0.3GeP2S12,137.0,-3.1505805862031004
858,0.4 Li2S * 0.6 SiS2,Li0.8Si0.6S1.6,,-4.552841968657781
42,Li3.9P0.1Si0.9O4,Li3.9P0.1Si0.9O4,11.0,-7.701146923590294
1281,Li0.5La0.5Ti0.998Mn0.002O3,Li0.5La0.5Ti0.998Mn0.002O3,,-3.040005161671584
235,Li3.425Si0.425P0.575S4,Li3.425Si0.425P0.575S4,137.0,-2.2479515521805613
92,Li0.4Na0.1La0.5Nb2O6,Li0.4Na0.1La0.5Nb2O6,47.0,-5.0034883278458215
685,Li5La3Nb1.75Y0.25O12,Li5La3Nb1.75Y0.25O12,230.0,-5.025949097207123
331,Li1.2Cr0.2Ti1.8(PO4)3,Li1.2Cr0.2Ti1.8P3O12,167.0,-4.739928612014925
155,Li2.633Er0.633Zr0.367Cl6,Li2.633Er0.633Zr0.367Cl6,62.0,-2.958607314841775
1028,0.75Li6Si2S7-0.25Li6B4S9,Li6Si1.5S7.5B,,-3.2992962828549808
87,Li3.75Ge0.75V0.25O4,Li3.75Ge0.75V0.25O4,62.0,-5.10687990666239
1214,0.4LiI-0.6Al2O3,Li0.4I0.4Al1.2O1.7999999999999998,,-5.1700533040583645
1005,0.8(0.65Li2-0.35SiS2)-0.2(0.65Li2O-0.35P2O5),Li1.3Si0.35S0.7O1.88P0.7,,-4.283162276700476
442,Li8SiP4,Li8SiP4,205.0,-4.346787486224656
217,La0.65Li0.05(Mg0.5W0.5)O3,La0.65Li0.05Mg0.5W0.5O3,129.0,-6.7447274948966935
795,Li2O-P2O5,Li2O6P2,,-8.958607314841775
59,LiYO2,LiYO2,14.0,-7.7447274948966935
700,Li6.4La3Zr1.4Ta0.5Nb0.1O12,Li6.4La3Zr1.4Ta0.5Nb0.1O12,230.0,-3.3526170298853804
1269,(La0.5Li0.5)0.75Sr0.25TiO3,La0.375Li0.375Sr0.25TiO3,,-4.046240308266771
46,Li0.6[Li0.2Sn0.8S2],Li0.6Li0.2Sn0.8S2,12.0,-3.9208187539523753
340,Li1.5Ga0.5Ti1.5(PO4)3,Li1.5Ga0.5Ti1.5P3O12,167.0,-3.9136401693252516
383,Li1.7Al0.3Ti1.6(PO4)3,Li1.7Al0.3Ti1.6P3O12,167.0,-4.301029995663981
195,Li0.27La0.57TiO3,Li0.27La0.57TiO3,123.0,-3.4685210829577446
126,LiHf2(PO4)3,LiHf2P3O12,167.0,-6.007093729209787
22,0.95(0.6Li2S-0.4SiS2)-0.05Li3GaO3,Li1.29S1.37Si0.4Ga0.05O0.15,,-3.4808886808156405
748,Li3OCl0.5Br0.5,Li3OCl0.5Br0.5,,-3.022733787572707
826,Li1.9Mn1.05Cl4,Li1.9Mn1.05Cl4,,-5.336299074610352
204,Li0.49La0.55TiO3,Li0.49La0.55TiO3,123.0,-3.027334407733889
513,Li6.5P0.5Ge0.5S5I,Li6.5P0.5Ge0.5S5I,216.0,-3.266000713461613
935,0.525Li2O-0.025Al2O3-0.05TiO2-0.4P2O5,Al0.05Li1.05O2.7P0.8Ti0.05,,-6.663540266151471
356,Li1.5Fe0.5Ti1.5(PO4)3,Li1.5Fe0.5Ti1.5P3O12,167.0,-3.7594507517174
25,Li1.2Al0.2Ge1.8(PO4)3,Li1.2Al0.2Ge1.8P3O12,167.0,-4.519795532537621
98,Li0.02Na0.48La0.5Nb2O6,Li0.02Na0.48La0.5Nb2O6,47.0,-5.399027104313252
64,0.8(0.6Li2S-0.4SiS2)- 0.2Li4SiO4,Li1.76S1.28Si0.6O0.8,,-3.7932076356377955
15,0.3LiI-0.7(0.6Li2S-0.4SiS2),Li1.14I0.3S1.22Si0.4,,-3.2854437620939034
508,Li6.25P0.75Sn0.25S5I,Li6.25P0.75Sn0.25S5I,216.0,-3.5346171485515816
226,Li10(Si0.5Sn0.5)P2S12,Li10Si0.5Sn0.5P2S12,137.0,-2.3685562309868278
1166,0.815(0.45B2S3-0.55Li2S)-0.185LiI,B0.733S1.65Li1.285I0.185,,-3.5114492834995557
758,Li6.88La3Zr1.88Nb0.12O12,Li6.88La3Zr1.88Nb0.12O12,,-3.2225731776106885
1098,0.25Li2S-0.55Li2O-0.2P2S5,Li1.6O0.55P0.4S1.25,,-4.42021640338319
687,Li7La3Zr1.7Ga0.3O12,Li7La3Zr1.7Ga0.3O12,230.0,-4.42021640338319
43,Li1.3Al0.3Ti1.7(PO4)3,Li1.3Al0.3Ti1.7P3O12,167.0,-3.6801319733746243
541,Li0.25Sr0.625Zr0.5Nb0.5O3,Li0.25Sr0.625Zr0.5Nb0.5O3,221.0,-6.560667306169737
1027,0.875Li6Si2S7-0.125Li6B4S9,Li6Si1.75S7.25B0.5,,-3.3565473235138126
567,Li0.19La0.67(Ti0.9Co0.1)O3,Li0.19La0.67Ti0.9Co0.1O3,225.0,-3.96657624451305
1287,Li0.5La0.5Ti0.996Ge0.004O3,Li0.5La0.5Ti0.996Ge0.004O3,,-3.015922966097169
648,Li7La3Zr1.9222Al0.0778O12,Li7La3Zr1.9222Al0.0778O12,230.0,-3.8013429130455774
1204,0.9(0.65Li2S-0.35SiS2)-0.1Li3PO4,Li1.47S1.285Si0.35P0.1O0.4,,-4.146910470148135
488,Li6PO5Cl,Li6PO5Cl,216.0,-9.25649023527157
392,Li1.1Al0.1Ti0.9(PO4)3,Li1.1Al0.1Ti0.9P3O12,167.0,-3.1739251972991736
623,Li6.8La3Zr1.9Mo0.1O12,Li6.8La3Zr1.9Mo0.1O12,230.0,-4.096910013008056
771,Li10(Ge0.5Si0.5)P2S12,Li10Ge0.5Si0.5P2S12,,-2.3767507096020997
463,Li6.05P0.95Si0.05S5Br,Li6.05P0.95Si0.05S5Br,216.0,-3.359518563029578
765,Li7GePS8,Li7GePS8,,-2.154901959985743
800,0.7Li2O-0.3P2O5,Li1.4O2.2P0.6,,-6.522878745280337
895,0.30Li2S-0.7GeS???2,Li0.6Ge0.7S1.7,,-6.356547323513812
178,Li2.5Zn0.25PS4,Li2.5Zn0.25PS4,82.0,-3.0757207139381184
112,Li5GaO4,Li5GaO4,61.0,-8.301029995663981
263,Li9.87Sn0.87P2.13S12,Li9.87Sn0.87P2.13S12,137.0,-2.364516253185088
565,Li7.2N1.6Cl2.4,Li7.2N1.6Cl2.4,225.0,-6.075720713938118
253,Li10.275Si1.275P1.725S12,Li10.275Si1.275P1.725S12,137.0,-2.2510371387438384
595,Li7La3Zr1.89Al0.15O12,Li7La3Zr1.89Al0.15O12,230.0,-3.4685210829577446
1107,0.7Li2S-0.1Li2O-0.2P2S5,Li1.5999999999999999O0.1P0.4S1.7,,-3.962573502059376
272,Li9.8Ba0.1GeP2S12,Li9.8Ba0.1GeP2S12,137.0,-3.251037138743839
398,Li1.2Cr0.2Ti0.8(PO4)3,Li1.2Cr0.2Ti0.8P3O12,167.0,-3.3665315444204134
9,Li2NaBP2O8,Li2NaBP2O8,2.0,-17.356547323513812
86,Li3.6Si0.6P0.4S4,Li3.6Si0.6P0.4S4,11.0,-4.145700754443675
1146,0.7Li2S-0.25P2S5-0.05Li3PO4,Li1.5499999999999998O0.2P0.55S1.95,,-3.5734887386354246
521,Fe0.16La2.95Li5.68Zr2O12,Fe0.16La2.95Li5.68Zr2O12,220.0,-3.0291883891274822
547,La0.58Li0.24TiO3,La0.58Li0.24TiO3,221.0,-3.141462802430361
978,0.555Li2S-0.4SiS2-0.045Li3N,Li1.245N0.045S1.355Si0.4,,-2.8239087409443187
118,Li6.6SiPO8,Li6.6SiPO8,62.0,-6.8297382846050425
676,Li5.70La3Ta1.65Sm0.35O12,Li5.7La3Ta1.65Sm0.35O12,230.0,-4.667561540084395
649,Li7La3Zr1.8599Al0.1401O12,Li7La3Zr1.8599Al0.1401O12,230.0,-3.494850021680094
403,Li1.3Fe0.3Ti0.7(PO4)3,Li1.3Fe0.3Ti0.7P3O12,167.0,-2.638272163982407
1216,Li3.5P0.5Ge0.5O4,Li3.5P0.5Ge0.5O4,,-5.102922996790579
829,Li1.52Mn1.24Cl4,Li1.52Mn1.24Cl4,,-4.732828271596986
534,(La0.65Li0.35)(Ti0.7Al0.3)O3,La0.65Li0.35Ti0.7Al0.3O3,221.0,-3.7931741239681505
165,Li3.825Sn0.825As0.175S4,Li3.825Sn0.825As0.175S4,62.0,-3.285670240254767
1201,0.99(0.65Li2S-0.35SiS2)-0.01Li3PO4,Li1.317S1.343Si0.35P0.01O0.04,,-3.4436974992327127
167,Li3.8Sn0.8As0.2S4,Li3.8Sn0.8As0.2S4,62.0,-3.9746941347352296
192,La0.565Li0.305TiO3,La0.565Li0.305TiO3,123.0,-3.0190880622231564
75,Li3Na5(TiS4)2,Li3Na5Ti2S8,15.0,-5.055517327849832
203,Li0.39La0.59TiO3,Li0.39La0.59TiO3,123.0,-3.0540392964224314
395,Li1.4Al0.4Ti0.6(PO4)3,Li1.4Al0.4Ti0.6P3O12,167.0,-2.4814860601221125
129,0.5(Li2S) 0.5(GeS2),LiS1.5Ge0.5,,-4.453637376305421
15,Li2ZnGeO4,Li2ZnGeO4,7.0,-7.0
881,0.7(SiS2-Li2S)-0.3LiCl,Si0.7S2.4Li2.3Cl0.3,,-3.632644078973981
994,0.65Li2-0.35SiS2,Li1.3Si0.35S0.7,,-3.130181792020672
72,Li10.35Si1.35P1.65S12,Li10.35Si1.35P1.65S12,137.0,-2.1811550904407992
147,Pr0.53Li0.41TiO3,Pr0.53Li0.41TiO3,62.0,-7.075720713938118
37,0.95(0.6Li2S-0.4SiS2)- 0.05Li4SiO4,Li1.34S1.37Si0.45O0.2,,-2.811615081638648
