,formula_unedited,formula,space group,target
138,Li0.2Ca0.4TaO3,Li0.2Ca0.4TaO3,62.0,-8.452225294612177
248,Li10(Ge0.416Sn0.584)P2S12,Li10Ge0.416Sn0.584P2S12,137.0,-2.1290111862394245
18,0.97(0.6Li2S-0.4SiS2)-0.03Li3InO3,Li1.254S1.382Si0.4In0.03O0.09,,-3.508640565774164
852,Li3V2(PO4)3,Li3V2P3O12,,-6.679853713888946
42,Li1.3Al0.3Ge1.7(PO4)3,Li1.3Al0.3Ge1.7P3O12,167.0,-3.883583692224033
97,Li4SiS4,Li4SiS4,11.0,-7.6300392856003
823,Li1.8Mg1.1Cl4,Li1.8Mg1.1Cl4,,-5.818156412055227
1220,Li3.5V0.5Ge0.5O4,Li3.5V0.5Ge0.5O4,,-4.522878745280337
102,Li6.2La3Zr1.2Ta0.8O12,Li6.2La3Zr1.2Ta0.8O12,230.0,-3.494850021680094
324,Li1.2Ti2Si0.2P2.8O12,Li1.2Ti2Si0.2P2.8O12,167.0,-4.0655015487564325
1179,0.64(0.29B2S3-0.71Li2S)-0.36LiI,B0.371S1.267Li1.78I0.36,,-3.0915149811213505
72,Li2SnS3,Li2SnS3,15.0,-4.823908740944319
55,Li1.5Cr0.5Ti1.5(PO4)3,Li1.5Cr0.5Ti1.5P3O12,167.0,-3.558373752533357
1121,0.55Li2S-0.2Li2O-0.25P2S5,Li1.5O0.2P0.5S1.8,,-4.151195298948196
643,Li6.15La3Zr1.75Ta0.25Ga0.2O12,Li6.15La3Zr1.75Ta0.25Ga0.2O12,230.0,-3.3872161432802645
797,0.6Li2O-0.4P2O5,Li1.2O2.6P0.8,,-7.522878745280337
574,Li2MnCl4,Li2MnCl4,227.0,-5.319664486585437
224,Li9.54Si1.74P1.44S11.7Cl0.3,Li9.54Si1.74P1.44S11.7Cl0.3,137.0,-1.596879478824182
862,(2Li2S-P2S5)0.85(LiI)0.15,Li3.55P1.7S5.95I0.15,,-3.6289321377282637
78,Li3.2Si0.2P0.8S4,Li3.2Si0.2P0.8S4,11.0,-5.505275091166654
588,Li5.5Ba0.5La2.5Ta2O12,Li5.5Ba0.5La2.5Ta2O12,230.0,-4.869666231504994
517,LiCe(BH4)3Cl,LiCeB3H12Cl,217.0,-3.987162775294828
355,Li1.5La0.5Ti1.5(PO4)3,Li1.5La0.5Ti1.5P3O12,167.0,-3.55129368009492
91,Li3ClO,Li3ClO,221.0,-2.336320532806835
732,Li2ZnGeS4,Li2ZnGeS4,,-8.853871964321762
845,Li3.5Zn0.25GeO4,Li3.5Zn0.25GeO4,,-6.616184634019569
383,Li1.7Al0.3Ti1.6(PO4)3,Li1.7Al0.3Ti1.6P3O12,167.0,-4.301029995663981
1290,Li0.5La0.5Ti0.99Ge0.01O3,Li0.5La0.5Ti0.99Ge0.01O3,,-2.9469215565165805
154,Li2.5Y0.5Zr0.5Cl6,Li2.5Y0.5Zr0.5Cl6,62.0,-2.853871964321762
1255,LiTi2(PO4)3-1.2LiNO3,Li2.2Ti2P3O15.6N1.2,,-3.0021769192542744
683,Li5La3Nb1.85Y0.15O12,Li5La3Nb1.85Y0.15O12,230.0,-5.23284413391782
984,0.75(0.4Li2O-0.6Li2S)-0.25P2S5,Li1.8O0.3S1.85P0.5,,-4.30189945437661
333,Li1.4Cr0.4Ti1.6(PO4)3,Li1.4Cr0.4Ti1.6P3O12,167.0,-3.826813731587726
1163,Li1.8PO1.2N1.5,Li1.8PO1.2N1.5,,-5.769551078621726
1280,Li0.5La0.5Ti0.9Zr0.1O3,Li0.5La0.5Ti0.9Zr0.1O3,,-4.151810883008602
1200,0.9(0.61Li2S-0.39SiS2)-0.1Li3PO4,Li1.398S1.329Si0.39P0.1O0.4,,-3.8927900303521317
573,(Li0.74Mg0.26)(Li0.40Mg0.04Ti1.56)O4,Li0.74Mg0.26Li0.4Mg0.04Ti1.56O4,227.0,-8.821023052706831
1283,Li0.5La0.5Ti0.994Mn0.006O3,Li0.5La0.5Ti0.994Mn0.006O3,,-2.96657624451305
1025,0.925Li6Si2S7-0.075Li6B4S9,Li6.000000000000001Si1.85S7.15B0.3,,-3.4377071355435254
349,Li1.3In0.3Ti1.7(PO4)3,Li1.3In0.3Ti1.7P3O12,167.0,-3.4056074496245734
1239,LiTi2(PO4)3-0.3LiPO4,Li1.3Ti2P3.3O13.2,,-3.0034883278458215
929,0.5Li2O-0.1TiO2-0.4P2O5,LiO2.7P0.8Ti0.1,,-7.246416941107094
314,Li1.4Ti1.6Sc0.4(PO4)3,Li1.4Ti1.6Sc0.4P3O12,167.0,-3.701146923590293
1298,La0.55Li0.36Ti0.995Al0.005O3,La0.55Li0.36Ti0.995Al0.005O3,,-2.958607314841775
1168,0.33B2S3-0.67Li2S,B0.66S1.6600000000000001Li1.34,,-3.6458915608525992
656,Li5.4La3Nb1.8Y0.2O12,Li5.4La3Nb1.8Y0.2O12,230.0,-4.17134010346468
33,0.93(0.6Li2S-0.4SiS2)-0.07Li3BO3,Li1.326S1.358Si0.4B0.07O0.21,,-3.4231474330087117
1123,0.65Li2S-0.1Li2O-0.25P2S5,Li1.5O0.1P0.5S1.9,,-3.939302159646388
313,Li1.3Ti1.7Sc0.3(PO4)3,Li1.3Ti1.7Sc0.3P3O12,167.0,-3.1018235165023236
167,Li3.8Sn0.8As0.2S4,Li3.8Sn0.8As0.2S4,62.0,-3.9746941347352296
82,Li3.4Ge0.4P0.6S4,Li3.4Ge0.4P0.6S4,11.0,-3.1847545352003293
1117,0.35Li2S-0.4Li2O-0.25P2S5,Li1.5O0.4P0.5S1.6,,-4.876148359032914
487,Li6P(S4Se)Br,Li6PS4SeBr,216.0,-2.4424927980943423
987,0.75(0.1Li2O-0.9Li2S)-0.25P2S5,Li1.95O0.075S2.15P0.5,,-3.6439741428068775
991,0.55Li2-0.45SiS2,Li1.1Si0.45S0.9,,-3.185086818724926
367,Li1.3(Al0.23Y0.07Ti1.7)(PO4)3,Li1.3Al0.23Y0.07Ti1.7P3O12,167.0,-7.4156687756324695
509,Li6.3P0.7Sn0.3S5I,Li6.3P0.7Sn0.3S5I,216.0,-3.51427857351842
436,Li5.5K0.25La2.75Nb2O12,Li5.5K0.25La2.75Nb2O12,199.0,-2.496209316942819
687,Li7La3Zr1.7Ga0.3O12,Li7La3Zr1.7Ga0.3O12,230.0,-4.42021640338319
1133,0.35Li2S-0.35Li2O-0.3P2S5,Li1.4O0.35P0.6S1.85,,-5.434152181326482
1089,Li3.15Ge0.15P0.85S3.7Se0.3,Li3.15Ge0.15P0.85S3.7Se0.3,,-3.0883098412461387
590,Li6.5Ba1.5La1.5Ta2O12,Li6.5Ba1.5La1.5Ta2O12,230.0,-4.494850021680094
1323,LiHfTi(PO4)3,LiHfTiP3O12,,-6.249491605148654
40,0.9(0.6Li2S-0.4SiS2)-0.1Li3PO4,Li1.38S1.34Si0.4P0.1O0.4,,-3.812992629854044
120,Li4.4Si0.6Al0.4S4,Li4.4Si0.6Al0.4S4,62.0,-7.517126416391246
48,Li17Sb13S28,Li17Sb13S28,12.0,-8.978810700930062
285,Li4SrN2,Li4SrN2,141.0,-12.638272163982407
554,La0.41Sr0.25Li0.25TiO3,La0.41Sr0.25Li0.25TiO3,221.0,-4.11690664142431
192,La0.565Li0.305TiO3,La0.565Li0.305TiO3,123.0,-3.0190880622231564
210,Li0.29La0.57TiO3,Li0.29La0.57TiO3,123.0,-4.356547323513813
1067,Li3PS4 ? 20 wt% Li6ZnNb4O14,Li52.84P15.61S62.45ZnNb4O14,,-3.653647025549361
826,Li1.9Mn1.05Cl4,Li1.9Mn1.05Cl4,,-5.336299074610352
127,LiI,LiI,225.0,-7.025037020567475
430,Li3(NH2)2I,Li3N2H4I,186.0,-5.0
94,Li0.2Na0.3La0.5Nb2O6,Li0.2Na0.3La0.5Nb2O6,47.0,-4.928117992693875
81,Li3SbS4,Li3SbS4,31.0,-5.823908740944319
773,Li10(Ge0.95Sn0.05)P2S12,Li10Ge0.95Sn0.05P2S12,,-2.1079053973095196
101,Li6.2La3Zr1.2Sb0.8O12,Li6.2La3Zr1.2Sb0.8O12,230.0,-3.3467874862246565
1105,0.6Li2S-0.2Li2O-0.2P2S5,Li1.6O0.2P0.4S1.6,,-3.9507819773298185
94,Li3PS4,Li3PS4,31.0,-4.586366824281291
740,LiTi2(PO4)3-0.1Li4P2O7,Li1.4Al0Ti2P3.2O12.7,,-3.795880017344075
1235,0.7LiTi2(PO4)3-0.3Li3BO3,Li1.5999999999999999Ti1.4P2.0999999999999996O9.299999999999999B0.3,,-3.6108339156354674
596,Li7.06La3Y0.06Zr1.94O12,Li7.06La3Y0.06Zr1.94O12,230.0,-3.0195421077239
623,Li6.8La3Zr1.9Mo0.1O12,Li6.8La3Zr1.9Mo0.1O12,230.0,-4.096910013008056
1295,La0.55Li0.36Ti0.95Ru0.05O3,La0.55Li0.36Ti0.95Ru0.05O3,,-4.2839966563652006
1306,La0.416Li0.25Ti0.75Al0.25O3,La0.416Li0.25Ti0.75Al0.25O3,,-4.115771230367396
71,Li3AlF6,Li3AlF6,15.0,-6.301029995663981
486,Li6P(S4.1Se0.9)Br,Li6PS4.1Se0.9Br,216.0,-2.417936637088291
677,Li5.90La3Ta1.55Sm0.45O12,Li5.9La3Ta1.55Sm0.45O12,230.0,-4.928117992693875
1039, (0.75Li2S-0.25P2S5),Li1.5P0.5S2,,-3.571865205971211
1175,0.29B2S3-0.71Li2S,B0.58S1.5799999999999998Li1.42,,-3.567030709125594
1009,0.725Li2S-0.275P2S5,Li1.45S2.1P0.55,,-3.3458234581220396
551,La0.6Sr0.06Li0.06TiO3,La0.6Sr0.06Li0.06TiO3,221.0,-4.94692155651658
49,Li1.4Al0.4Ti1.6(PO4)3,Li1.4Al0.4Ti1.6P3O12,167.0,-2.9469529629899713
725,Li2.86Ca0.07InBr6,Li2.86Ca0.07InBr6,,-3.393618634889395
20,0.95(0.6Li2S-0.4SiS2)-0.05Li3AlO3,Li1.29S1.37Si0.4Al0.05O0.15,,-2.8981844368347436
1257,(Li0.39La0.54)1.006Al0.006Ti0.994O3,Li0.39234La0.5432400000000001Al0.006Ti0.994O3,,-2.9469215565165805
193,La0.5Li0.5TiO3,La0.5Li0.5TiO3,123.0,-3.0338582672609675
1340,Li6.6La2.75Y0.25Zr1.6Ta0.4O12,Li6.6La2.75Y0.25Zr1.6Ta0.4O12,,-3.360513510731414
89,Li3.8Si0.8P0.2S4,Li3.8Si0.8P0.2S4,11.0,-6.0920528055333865
1075,Li3PS4 ? 25 wt% Li7La3Zr2O12,Li24.49P7S27.99La1.5ZrO6,,-3.3872161432802645
393,Li1.2Al0.2Ti0.8(PO4)3,Li1.2Al0.2Ti0.8P3O12,167.0,-2.3979400086720375
1041,0.89(0.75Li2S-0.25P2S5)-0.11LiBH4,Li1.445S1.917P0.5B0.11H0.44,,-3.209011524911184
429,LiAlSiO4,LiAlSiO4,181.0,-8.698970004336019
724,Li2.9Ca0.05InBr6,Li2.9Ca0.05InBr6,,-3.6655462488490693
996,0.95(0.53Li2-0.47SiS2)-0.05(0.53Li2O-0.47P2O5),Li1.06Si0.47S0.94O2.376P0.94,,-3.2284125191187445
6,La0.56Li0.33TiO3,La0.56Li0.33TiO3,123.0,-3.2812654136679034
1187,0.9(0.5Li2S-0.5SiS2)-0.1Li3PO4,Li1.2S1.45Si0.5P0.1O0.4,,-4.170053304058364
474,Li7Ge3PS12,Li7Ge3PS12,216.0,-3.958607314841775
769,Li10(Ge0.7Si0.3)P2S12,Li10Ge0.7Si0.3P2S12,,-2.2350770153501114
335,Li1.6Cr0.6Ti1.4(PO4)3,Li1.6Cr0.6Ti1.4P3O12,167.0,-3.899629454882437
1276,Li0.5La0.5Ti0.9Sn0.1O3,Li0.5La0.5Ti0.9Sn0.1O3,,-3.5850266520291822
419,LiIO3,LiIO3,173.0,-6.721246399047171
1073,Li3PS4 ? 10 wt% Li7La3Zr2O12,Li66.47P20.99S83.96La1.5ZrO6,,-3.5287082889410613
25,Li1.2Al0.2Ge1.8(PO4)3,Li1.2Al0.2Ge1.8P3O12,167.0,-4.519795532537621
827,Li1.72Mn1.14Cl4,Li1.72Mn1.14Cl4,,-5.441291429466834
342,Li1.3Fe0.3Ti1.7(PO4)3,Li1.3Fe0.3Ti1.7P3O12,167.0,-3.6090648928966207
133,0.5 SiS2-0.5 Li2S,SiS3Li2,,-3.8723637474483468
536,(Li0.16Sr0.69)(Ga0.25Ta0.75)O3,Li0.16Sr0.69Ga0.25Ta0.75O3,221.0,-5.432973633840939
501,Li6P0.21Ge0.79S5I,Li6P0.21Ge0.79S5I,216.0,-2.2668027348934308
1307,La0.366Li0.3Ti0.7Al0.3O3,La0.366Li0.3Ti0.7Al0.3O3,,-4.764471553092451
448,(Li0.61Mg0.39)(Li0.46Mg0.005Ti0.035)Ti1.5O4,Li0.61Mg0.39Li0.46Mg0.005Ti0.035Ti1.5O4,212.0,-9.18309616062434
565,Li7.2N1.6Cl2.4,Li7.2N1.6Cl2.4,225.0,-6.075720713938118
121,Li4.6Si0.4Al0.6S4,Li4.6Si0.4Al0.6S4,62.0,-7.838631997765025
1318,Li1.225Al0.225Zr1.55(PO4)3,Li1.225Al0.225Zr1.55P3O12,,-5.671620396561262
43,Li3.7P0.3Si0.7O4,Li3.7P0.3Si0.7O4,11.0,-6.4156687756324695
150,Pr0.56Li0.32TiO3,Pr0.56Li0.32TiO3,62.0,-5.718966632752273
705,Li7.131La3Zr2O12Al0.244,Li7.131La3Zr2O12Al0.244,230.0,-4.111820506081675
530,Li2(OH)Br,Li2OHBr,221.0,-5.920818753952375
61,LiClC3H7NO,LiClC3H7NO,14.0,-3.795880017344075
123,Li3.8Si0.8Al0.2S4,Li3.8Si0.8Al0.2S4,62.0,-7.623423042943488
485,Li6P(S4.2Se0.8)Br,Li6PS4.2Se0.8Br,216.0,-2.4584207560534193
1310,Li0.24La0.59TiO3,Li0.24La0.59TiO3,,-3.003050751504619
888,0.6(0.4SiS2-0.6Li2S)-0.4LiI,Si0.24S1.08Li1.6I0.4,,-2.749579997691106
825,Li1.34Mg1.33Cl4,Li1.34Mg1.33Cl4,,-5.512861624522814
778,Li10(Ge0.4Sn0.6)P2S12,Li10Ge0.4Sn0.6P2S12,,-2.2395775165767877
112,Li6CaLa2Ta2O12,Li6CaLa2Ta2O12,230.0,-5.657577319177793
1021,0.9Li6Si2S7-0.1Li6B4O9,Li6Si1.8S6.3B0.4O0.9,,-3.424812155072339
412,Li1.5Ga0.5Ge1.5(PO4)3,Li1.5Ga0.5Ge1.5P3O12,167.0,-4.696803942579511
89,La0.64Li0.08TiO3,La0.64Li0.08TiO3,47.0,-3.474955192963155
1152,Li3.6(Si0.19P0.82)O4.2,Li3.6Si0.19P0.82O4.2,,-6.698970004336019
659,Li6Ba0.5Sr0.5La2Ta2O12,Li6Ba0.5Sr0.5La2Ta2O12,230.0,-5.1487416512809245
796,0.58Li2O-0.42P2O5,Li1.16O2.68P0.84,,-7.698970004336019
938,0.545Li2O-0.045Al2O3-0.01TiO2-0.4P2O5,Al0.09Li1.09O2.7P0.8Ti0.01,,-7.146301788223826
170,Pr0.51Li0.39TiO2.96,Pr0.51Li0.39TiO2.96,62.0,-6.272458742971444
495,Li6P0.75Ge0.25S5I,Li6P0.75Ge0.25S5I,216.0,-4.486782399932061
1275,Li0.5La0.5Ti0.94Sn0.06O3,Li0.5La0.5Ti0.94Sn0.06O3,,-3.453457336521869
449,(Li0.55Mg0.45)(Li0.445Mg0.055)Ti1.5O4,Li0.55Mg0.45Li0.445Mg0.055Ti1.5O4,212.0,-10.8153085691824
350,Li1.4In0.4Ti1.6(PO4)3,Li1.4In0.4Ti1.6P3O12,167.0,-3.5199930570428495
417,Li1.5In0.5Ge1.5(PO4)3,Li1.5In0.5Ge1.5P3O12,167.0,-5.235823867609669
1122,0.6Li2S-0.15Li2O-0.25P2S5,Li1.5O0.15P0.5S1.85,,-4.032920265855503
438,Li6BaLa2Nb2O12,Li6BaLa2Nb2O12,199.0,-5.221848749616356
985,0.75(0.3Li2O-0.7Li2S)-0.25P2S5,Li1.85O0.225S1.95P0.5,,-4.051098239029787
227,Li9P3S9O3,Li9P3S9O3,137.0,-4.369572124974976
414,Li1.5Fe0.5Ge1.5(PO4)3,Li1.5Fe0.5Ge1.5P3O12,167.0,-4.591760034688151
222,Li6ZnO4,Li6ZnO4,137.0,-8.0268721464003
185,(Li0.5Ce0.25Pr0.25)(MoO4),Li0.5Ce0.25Pr0.25MoO4,88.0,-9.0
86,Li3.6Si0.6P0.4S4,Li3.6Si0.6P0.4S4,11.0,-4.145700754443675
534,(La0.65Li0.35)(Ti0.7Al0.3)O3,La0.65Li0.35Ti0.7Al0.3O3,221.0,-3.7931741239681505
1048,Li3PS4 ? 2 wt% Al2O3,Li41.63P13.88S55.5AlO1.5,,-3.6439741428068775
1116,0.3Li2S-0.45Li2O-0.25P2S5,Li1.5O0.45P0.5S1.55,,-4.230622673923862
467,Li6.175P0.825Si0.175S5Br,Li6.175P0.825Si0.175S5Br,216.0,-3.0310503190186573
8,Li3BP2O8,Li3BP2O8,2.0,-11.017728766960431
125,Li3.4Si0.4Al0.6S4,Li3.4Si0.4Al0.6S4,62.0,-7.838631997765025
3,La0.54Li0.36TiO3,La0.54Li0.36TiO3,221.0,-2.529913650775975
635,Li5Nd3Sb2O12,Li5Nd3Sb2O12,230.0,-6.886056647693163
876,0.4 LiBr-0.3 SiS2-0.3 Li2S,Br0.4LiS0.9Si0.3,,-3.958607314841775
1077,Li3PS4 ? 35 wt% Li7La3Zr2O12,Li16.49P4.33S17.33La1.5ZrO6,,-3.3979400086720375
668,La3Li5.08Ta1.51Zr0.39O12,La3Li5.08Ta1.51Zr0.39O12,230.0,-3.987162775294828
1342,Li2ZrS3,Li2ZrS3,,-5.136677139879544
1080,Li3PS4 ? 70 wt% Li7La3Zr2O12,Li6.5PS4La1.5ZrO6,,-4.8996294548824375
47,0.9(0.6Li2S-0.4SiS2)- 0.1Li4SiO4,Li1.48S1.34Si0.5O0.4,,-3.3608520069109526
96,Li4P2S6,Li4P2S6,162.0,-8.20965153014378
